mz_peak,rt,intensity,norm_intensity,suspect_name,suspect_mass,ppm_error
432.98239802618644,1.667636666667,15881.060546875,0.10499254331252326,"2,2,3,3,4,4,4-Heptafluoro-N-(nonafluorobutyl)butanimidoyl fluoride",432.9759284,14.942007379401648
488.98605231427047,0.650281666667,15057.1640625,0.09954561569295699,"1-Heptanesulfonamide, 1,1,2,2,3,3,4,4,5,5,6,6,7,7,7-pentadecafluoro-N-2-propenyl-",488.9879722,3.9262586743499717
432.9824833173751,1.68031,13864.2705078125,0.09165918217435912,"2,2,3,3,4,4,4-Heptafluoro-N-(nonafluorobutyl)butanimidoyl fluoride",432.9759284,15.138989745970255
432.9816124626379,1.693478333333,13656.0478515625,0.09028258479974118,"2,2,3,3,4,4,4-Heptafluoro-N-(nonafluorobutyl)butanimidoyl fluoride",432.9759284,13.127722920075719
395.0189516983805,1.628313333333,11654.076171875,0.07704719049659463,"N-(1,1,2,2,3,3,4,4,4-Nonafluorobutane-1-sulfonyl)cyclopentanecarboxamide",395.0237677,12.191824212040336
395.01897766903846,1.647948333333,10890.5185546875,0.07199917396410047,"N-(1,1,2,2,3,3,4,4,4-Nonafluorobutane-1-sulfonyl)cyclopentanecarboxamide",395.0237677,12.126078067969571
359.0196574077257,0.676116666667,10430.8447265625,0.06896018773477434,"3,3,4,4,5,5,5-Heptafluoro-1-(3-methyl-1,3-benzothiazol-2(3H)-ylidene)pentan-2-one",359.021482,5.0821514551374944
362.10983891807894,1.228481666667,9962.078125,0.06586108754730609,"(3,3,4,4,5,5,6,6,6-Nonafluorohexyl)di(propan-2-yl)silane",362.1112309,3.8440875432524764
362.1098389181226,1.252273333333,9712.77734375,0.06421291531120268,"(3,3,4,4,5,5,6,6,6-Nonafluorohexyl)di(propan-2-yl)silane",362.1112309,3.8440874226926107
362.10983891853004,1.221271666667,9622.681640625,0.06361727643779727,"(3,3,4,4,5,5,6,6,6-Nonafluorohexyl)di(propan-2-yl)silane",362.1112309,3.8440862974671988
362.1127868470046,1.236781666667,9335.3994140625,0.061718002045746886,"(3,3,4,4,5,5,6,6,6-Nonafluorohexyl)di(propan-2-yl)silane",362.1112309,4.296857391140545
362.1098389178752,1.243981666667,9042.3720703125,0.059780745652219726,"(3,3,4,4,5,5,6,6,6-Nonafluorohexyl)di(propan-2-yl)silane",362.1112309,3.844088105865182
362.10983891794797,1.212973333333,8771.2646484375,0.057988405798748255,"(3,3,4,4,5,5,6,6,6-Nonafluorohexyl)di(propan-2-yl)silane",362.1112309,3.844087904932073
362.1127868471938,1.26894,8723.79296875,0.05767456199902237,"(3,3,4,4,5,5,6,6,6-Nonafluorohexyl)di(propan-2-yl)silane",362.1112309,4.2968579135581235
395.0222797249851,1.621105,8433.86328125,0.05575778476726375,"N-(1,1,2,2,3,3,4,4,4-Nonafluorobutane-1-sulfonyl)cyclopentanecarboxamide",395.0237677,3.7668128895432016
359.01971138561413,0.701151666667,7948.48681640625,0.05254887379072228,"3,3,4,4,5,5,5-Heptafluoro-1-(3-methyl-1,3-benzothiazol-2(3H)-ylidene)pentan-2-one",359.021482,4.9318027108545515
362.1098389182681,1.260613333333,7936.0400390625,0.05246658591041934,"(3,3,4,4,5,5,6,6,6-Nonafluorohexyl)di(propan-2-yl)silane",362.1112309,3.8440870208263926
434.9784076137075,1.667636666667,7861.5947265625,0.05197441458004754,"2-Fluoro-4,6-bis(1,1,1,2,3,3,3-heptafluoropropan-2-yl)-1,3,5-triazine",434.98527,15.776383775429865
395.0222833919738,1.612825,7544.5419921875,0.04987832201444295,"N-(1,1,2,2,3,3,4,4,4-Nonafluorobutane-1-sulfonyl)cyclopentanecarboxamide",395.0237677,3.757529862485606
432.9967772318216,1.621105,7423.740234375,0.049079679899080346,4-Acetamidophenyl nonafluorobutane-1-sulfonate,433.0030323,14.4459924582738
432.99678125131726,1.612825,7148.39501953125,0.04725932323523858,4-Acetamidophenyl nonafluorobutane-1-sulfonate,433.0030323,14.436709355318396
362.1098389179334,1.205773333333,6786.81591796875,0.044868858859786385,"(3,3,4,4,5,5,6,6,6-Nonafluorohexyl)di(propan-2-yl)silane",362.1112309,3.844087945118695
432.996790882635,1.70128,6715.22412109375,0.044395552633666686,4-Acetamidophenyl nonafluorobutane-1-sulfonate,433.0030323,14.41446564124528
434.9784194881755,1.68031,6705.3798828125,0.04433047060648895,"2-Fluoro-4,6-bis(1,1,1,2,3,3,3-heptafluoropropan-2-yl)-1,3,5-triazine",434.98527,15.749084362751754
362.109838917817,1.276135,6375.28564453125,0.04214815831647138,"(3,3,4,4,5,5,6,6,6-Nonafluorohexyl)di(propan-2-yl)silane",362.1112309,3.8440882666116694
434.97751344077545,1.693478333333,6163.853515625,0.04075034254174237,"2-Fluoro-4,6-bis(1,1,1,2,3,3,3-heptafluoropropan-2-yl)-1,3,5-triazine",434.98527,17.832092429800124
395.0223258853377,1.605606666667,6086.248046875,0.04023727885087782,"N-(1,1,2,2,3,3,4,4,4-Nonafluorobutane-1-sulfonyl)cyclopentanecarboxamide",395.0237677,3.6499574019844454
517.0177298172537,0.650281666667,6020.87353515625,0.039805076213471687,N-Ethyl-N-2-propenylperfluoroheptanesulfonamide,517.0192723,2.983423309080794
359.0050740450858,0.650281666667,6000.85400390625,0.03967272349712393,"[S-(1,1,2,2,3,3,4,4,4-Nonafluorobutane-1-)sulfonimidoyl]benzene",359.0026384,6.7844308113099805
519.9710921422036,0.676116666667,5911.3681640625,0.03908111653939457,1-H-Perflurodecane,519.9742922,6.154299430886439
646.959633659078,0.650281666667,5848.17138671875,0.038663311295035044,"1-(3,3,4,4,5,5,6,6,7,7,8,8,8-Tridecafluoro-1-iodooctyl)-2,8,9-trioxa-5-aza-1-silabicyclo[3.3.3]undecane",646.9658344,9.58443247358458
432.99682782967403,1.605606666667,5571.841796875,0.036836446751287014,4-Acetamidophenyl nonafluorobutane-1-sulfonate,433.0030323,14.329135751500045
362.10983891777335,1.197141666667,5526.40478515625,0.0365360545069031,"(3,3,4,4,5,5,6,6,6-Nonafluorohexyl)di(propan-2-yl)silane",362.1112309,3.844088387171535
455.02968238320136,1.667636666667,5510.708984375,0.036432286749171434,"N,N-Diethyl-1,1,2,2,3,3,4,4,5,5,6,6,6-tridecafluorohexane-1-sulfonamide",455.0224659,15.859368038540696
457.02885495308306,1.667636666667,5422.4140625,0.03584855316400725,"1-(4,4,5,5,6,6,7,7,8,8,9,9,9-Tridecafluorononyl)-1H-pyrrole-2,5-dione",457.0347451,12.887910365219216
359.01971138561413,0.727448333333,5409.26416015625,0.03576161679805698,"3,3,4,4,5,5,5-Heptafluoro-1-(3-methyl-1,3-benzothiazol-2(3H)-ylidene)pentan-2-one",359.021482,4.9318027108545515
161.98921160190983,0.858105,5340.955078125,0.035310013189303276,"Hexafluoro-1,3-butadiene",161.9904192,7.454805651681543
457.03916466527113,1.647948333333,5249.8046875,0.034707401587426856,"1-(4,4,5,5,6,6,7,7,8,8,9,9,9-Tridecafluorononyl)-1H-pyrrole-2,5-dione",457.0347451,9.669992448804248
660.9634016336955,0.676116666667,4993.263671875,0.03301136286161603,"2,3,3,3-Tetrafluoro-2-{1,1,2,3,3,3-hexafluoro-2-[1,1,2,3,3,3-hexafluoro-2-(heptafluoropropoxy)propoxy]propoxy}propanamide",660.9616562,2.640741819014964
434.9926655445066,1.628313333333,4883.720703125,0.032287154622681384,"Glycine, N-ethyl-N-[(undecafluoropentyl)sulfonyl]-",434.9998387,16.490290668228162
362.1098389180935,1.284446666667,4803.60888671875,0.03175752101735311,"(3,3,4,4,5,5,6,6,6-Nonafluorohexyl)di(propan-2-yl)silane",362.1112309,3.8440875030658543
457.0391346173307,1.628313333333,4797.28369140625,0.03171570401521728,"1-(4,4,5,5,6,6,7,7,8,8,9,9,9-Tridecafluorononyl)-1H-pyrrole-2,5-dione",457.0347451,9.60424829786853
434.99269414305996,1.647948333333,4699.51416015625,0.03106933208595525,"Glycine, N-ethyl-N-[(undecafluoropentyl)sulfonyl]-",434.9998387,16.424544679098023
362.1098389181808,1.18417,4598.37158203125,0.03040066033804614,"(3,3,4,4,5,5,6,6,6-Nonafluorohexyl)di(propan-2-yl)silane",362.1112309,3.8440872619461235
346.0087812904512,0.676116666667,4550.62744140625,0.030085015250131915,(Perfluorohexyl)ethylene,346.0027167,17.527273234508698
395.0189630298893,1.597315,4547.35107421875,0.030063354598261344,"N-(1,1,2,2,3,3,4,4,4-Nonafluorobutane-1-sulfonyl)cyclopentanecarboxamide",395.0237677,12.163137875398796
455.02876004620686,1.68031,4503.50244140625,0.029773463412079367,"N,N-Diethyl-1,1,2,2,3,3,4,4,5,5,6,6,6-tridecafluorohexane-1-sulfonamide",455.0224659,13.83241403517032
489.97473004066654,0.676116666667,4492.015625,0.029697522005931055,Perfluorosebacic acid,489.9697597,10.144075524330114
395.02229217864533,1.70128,4431.79736328125,0.029299408263272046,"N-(1,1,2,2,3,3,4,4,4-Nonafluorobutane-1-sulfonyl)cyclopentanecarboxamide",395.0237677,3.735286296223696
458.0050517381673,1.667636666667,4421.98388671875,0.029234529607341384,"multiple H-substituted-ether-substituted-perfluoroalkyl (linear) carboxylic acids, n=7",457.999917,11.211095047623088
344.9840086205718,0.676116666667,4350.9287109375,0.028764771079642815,Perfluoroheptanenitrile,344.9823156,4.907533478326281
379.9532036160918,0.676116666667,4279.06494140625,0.028289666793449807,"Cl-substituted perfluoroalkyl (linear) carboyxlic acids_i, n=6",379.9473454,15.418256869601311
504.9854314681985,0.676116666667,4271.43994140625,0.028239256549096477,"Thiocyanic acid, 3,3,4,4,5,5,6,6,7,7,8,8,9,9,10,10,10-heptadecafluorodecyl ester",504.9792993,12.143257639513335
379.9532607411545,0.701151666667,4194.642578125,0.027731535388611336,"Cl-substituted perfluoroalkyl (linear) carboyxlic acids_i, n=6",379.9473454,15.568602156361223
518.968202653924,0.676116666667,4194.469140625,0.02773038876215166,Sodium 2-((undecafluoropentylsulphonylamino)methyl)benzenesulphonate,518.966824,2.6565286985927883
458.0146809156519,1.647948333333,4147.84521484375,0.027422149615745847,"Dodecane, 1,1,1,2,2,3,3,4,4-nonafluoro-6-iodo-",458.0153023,1.356690896476653
460.00195862236825,1.693478333333,4147.072265625,0.02741703950964881,2H-Perfluoro-2-decenoic acid,459.9955806,13.865206981657558
317.06919811119144,0.983635,4131.2705078125,0.027312571250955004,"N-(2,4-Dimethylphenyl)-2,2,3,3,4,4,4-heptafluorobutanamide",317.0650614,13.046714143450055
161.98921160190346,0.865303333333,4125.822265625,0.027276551943418218,"Hexafluoro-1,3-butadiene",161.9904192,7.454805690983608
359.0283558167057,0.650281666667,4101.76220703125,0.02711748657517345,"3,3,4,4,5,5,5-Heptafluoro-1-(3-methyl-1,3-benzothiazol-2(3H)-ylidene)pentan-2-one",359.021482,19.145609516189815
434.99263166381303,1.621105,4090.7353515625,0.0270445860533861,"Glycine, N-ethyl-N-[(undecafluoropentyl)sulfonyl]-",434.9998387,16.568179923882408
458.00400333367674,1.693478333333,4061.031982421875,0.026848211745648914,"multiple H-substituted-ether-substituted-perfluoroalkyl (linear) carboxylic acids, n=7",457.999917,8.922047945017304
329.0296947256176,0.676116666667,4039.117431640625,0.026703330714858586,2-Fluoro-4-(nonafluorobutyl)aniline,329.0262312,10.52648339391145
361.98600394596804,0.676116666667,4018.251220703125,0.026565380447043832,"2,3,5,6-Tetrafluoro-4-(1,1,1,2,3,3,3-heptafluoropropan-2-yl)benzoic acid",361.9800895,16.338880242728273
457.0391032620342,1.612825,4004.414306640625,0.026473902123242306,"1-(4,4,5,5,6,6,7,7,8,8,9,9,9-Tridecafluorononyl)-1H-pyrrole-2,5-dione",457.0347451,9.535643674849958
457.0390990191379,1.621105,3982.967041015625,0.026332110398538434,"1-(4,4,5,5,6,6,7,7,8,8,9,9,9-Tridecafluorononyl)-1H-pyrrole-2,5-dione",457.0347451,9.526360320655547
458.00472173007523,1.68031,3931.870361328125,0.025994301072808507,"multiple H-substituted-ether-substituted-perfluoroalkyl (linear) carboxylic acids, n=7",457.999917,10.490568868156183
395.01900245965146,1.709605,3926.599853515625,0.025959456799143688,"N-(1,1,2,2,3,3,4,4,4-Nonafluorobutane-1-sulfonyl)cyclopentanecarboxamide",395.0237677,12.063319280529884
519.9711631445871,0.701151666667,3913.408447265625,0.025872246043415616,1-H-Perflurodecane,519.9742922,6.017747972853268
533.9852449820473,0.676116666667,3841.228515625,0.025395051552738825,4-[(Heptadecafluorooctyl)oxy]-4-oxobut-2-enoic acid,533.975988,17.33565137668877
331.9935568985911,0.676116666667,3744.408203125,0.024754955079100697,NSC146413,331.9953268,5.331131800862284
460.0032004937569,1.667636666667,3705.48828125,0.024497648486060536,2H-Perfluoro-2-decenoic acid,459.9955806,16.564871176368058
441.01353622342697,1.667636666667,3694.16943359375,0.02442281755148353,"N-Ethyl-1,1,2,2,3,3,4,4,5,5,6,6,6-tridecafluoro-N-methylhexane-1-sulfonamide",441.0068158,15.238587650825332
434.99263570198275,1.612825,3682.3720703125,0.024344823064174306,"Glycine, N-ethyl-N-[(undecafluoropentyl)sulfonyl]-",434.9998387,16.55889646413143
455.02880703125084,1.693478333333,3657.04052734375,0.024177351684383938,"N,N-Diethyl-1,1,2,2,3,3,4,4,5,5,6,6,6-tridecafluorohexane-1-sulfonamide",455.0224659,13.93566990235352
161.99009363523834,0.849808333333,3637.408935546875,0.024047563705429802,"Hexafluoro-1,3-butadiene",161.9904192,2.0097819215153807
519.9826510466947,0.650281666667,3618.74169921875,0.02392415125366559,1-H-Perflurodecane,519.9742922,16.07524150638297
434.9926453776366,1.70128,3617.791015625,0.023917866113696586,"Glycine, N-ethyl-N-[(undecafluoropentyl)sulfonyl]-",434.9998387,16.536652837274822
460.00325147615354,1.68031,3548.396484375,0.023459086405224816,2H-Perfluoro-2-decenoic acid,459.9955806,16.67569985416043
399.01576678963517,1.647948333333,3525.547607421875,0.023308028376319085,"1H,1H-Perfluorooctylamine",399.0104221,13.394682817020678
460.0130926593698,1.647948333333,3499.568603515625,0.02313627651599513,"1-Undecene, 4,4,5,5,6,6,7,7,8,8,9,9,10,10,11,11,11-heptadecafluoro-",460.0119796,2.4196254140620344
489.98678563841963,0.650281666667,3488.259521484375,0.02306151014371878,Heptadecafluorooctyl prop-2-enoate,489.9861587,1.279500668248124
161.99009363526926,0.88117,3380.16796875,0.022346897476719352,"Hexafluoro-1,3-butadiene",161.9904192,2.00978173062172
457.0278861725981,1.693478333333,3349.386962890625,0.022143398719104614,"1-(4,4,5,5,6,6,7,7,8,8,9,9,9-Tridecafluorononyl)-1H-pyrrole-2,5-dione",457.0347451,15.007678107732898
395.01897385767785,1.7168,3280.596435546875,0.021688612188928504,"N-(1,1,2,2,3,3,4,4,4-Nonafluorobutane-1-sulfonyl)cyclopentanecarboxamide",395.0237677,12.135726735711822
161.99009363526926,0.842628333333,3269.536376953125,0.02161549215531892,"Hexafluoro-1,3-butadiene",161.9904192,2.00978173062172
533.985325865502,0.701151666667,3259.758056640625,0.021550845923670625,4-[(Heptadecafluorooctyl)oxy]-4-oxobut-2-enoic acid,533.975988,17.48712005674066
441.01358607283777,1.68031,3256.380126953125,0.02152851382387322,"N-Ethyl-1,1,2,2,3,3,4,4,5,5,6,6,6-tridecafluoro-N-methylhexane-1-sulfonamide",441.0068158,15.351619658771813
363.1023729826523,1.252273333333,3254.47607421875,0.02151592578930253,"N-methyl perfluoroalkanesulfonamido quaternary ammonium, n=3",363.097721,12.811766043020958
434.9926899462179,1.7168,3254.322021484375,0.021514907319009662,"Glycine, N-ethyl-N-[(undecafluoropentyl)sulfonyl]-",434.9998387,16.43419291243645
473.00818978326146,0.650281666667,3246.66357421875,0.02146427594877658,"4,4,5,5,6,6,7,7,8,8,9,9,10,10,11,11,11-Heptadecafluoroundecanenitrile",473.0072285,2.032276147060358
365.9367963472778,0.676116666667,3219.40185546875,0.02128404383026127,"ether-substituted Perfluoroalkyl (linear) sulfonic acids, n=4",365.9419894,14.191119269967196
504.0013001671131,0.650281666667,3219.32568359375,0.02128354024431614,"2,2,3,3,4,4,5,5,6,6,7,7,8,8,9,9,9-Heptadecafluorononyl acrylate",504.0018088,1.0091896325486946
523.9206587167237,0.676116666667,3182.2490234375,0.02103841978552507,"Cyclohexanecarboxamide, N-(2-bromo-4-nitrophenyl)-1,2,2,3,3,4,4,5,5,6,6-undecafluoro-",523.9229651,4.4021613540496345
376.0015347149693,0.676116666667,3158.209716796875,0.020879491612169197,"1,1,1,2,2,3,3,4,4,5,5-undecafluoro-5-(propylsulfonyl)pentane",375.9991104,6.4476198777408396
522.9220359370757,0.676116666667,3152.098876953125,0.020839091752532804,Phenyl(tridecafluorohexyl)iodanium trifluoromethanesulfonate,522.9228398,1.537251959235957
399.0157405560917,1.628313333333,3138.880615234375,0.020751703450477926,"1H,1H-Perfluorooctylamine",399.0104221,13.32893806212762
363.1023729824777,1.228481666667,3138.070068359375,0.02074634477952336,"N-methyl perfluoroalkanesulfonamido quaternary ammonium, n=3",363.097721,12.811765562107698
458.0146508033142,1.628313333333,3137.394775390625,0.020741880296432896,"Dodecane, 1,1,1,2,2,3,3,4,4-nonafluoro-6-iodo-",458.0153023,1.4224363447880537
161.98921160189892,0.820283333333,3131.858154296875,0.02070527670007516,"Hexafluoro-1,3-butadiene",161.9904192,7.45480571905651
393.96567398169424,0.701151666667,3080.8076171875,0.02036777243121584,"Hexane, 1-(ethenylsulfinyl)-1,1,2,2,3,3,4,4,5,5,6,6,6-tridecafluoro-",393.969702,10.22428747417557
317.0691981112278,0.991938333333,3057.2314453125,0.020211906124968648,"N-(2,4-Dimethylphenyl)-2,2,3,3,4,4,4-heptafluorobutanamide",317.0650614,13.04671425818625
241.0740665722937,2.066771666667,3056.381103515625,0.020206284362638903,"5,5,6,6,7,7,7-Heptafluoroheptan-3-amine",241.0701467,16.26003306547103
241.074315176333,2.082273333333,2997.982421875,0.01982020019064989,"5,5,6,6,7,7,7-Heptafluoroheptan-3-amine",241.0701467,17.291250334691714
363.10237298297244,1.221271666667,2991.91015625,0.019780055352101096,"N-methyl perfluoroalkanesulfonamido quaternary ammonium, n=3",363.097721,12.811766924695265
161.9900936352729,0.834281666667,2960.96142578125,0.019575447736972566,"Hexafluoro-1,3-butadiene",161.9904192,2.009781708163642
161.99009363525926,0.873605,2957.9716796875,0.01955568198862629,"Hexafluoro-1,3-butadiene",161.9904192,2.0097817923814336
660.9635010079262,0.701151666667,2956.35302734375,0.01954498078729232,"2,3,3,3-Tetrafluoro-2-{1,1,2,3,3,3-hexafluoro-2-[1,1,2,3,3,3-hexafluoro-2-(heptafluoropropoxy)propoxy]propoxy}propanamide",660.9616562,2.7910889533100205
241.07385700515664,2.09894,2954.9560546875,0.019535745150183276,"5,5,6,6,7,7,7-Heptafluoroheptan-3-amine",241.0701467,15.390740425873496
345.99222955658615,0.650281666667,2930.7236328125,0.019375540257331902,"H-substituted Perfluoroalkyl (linear) carboxylic acids_i, n=5",345.9863177,17.086674442825906
363.10237298239036,1.212973333333,2920.9189453125,0.01931071970747183,"N-methyl perfluoroalkanesulfonamido quaternary ammonium, n=3",363.097721,12.81176532165107
518.0080793058581,0.676116666667,2880.99560546875,0.019046779338039117,8:2 Fluorotelomer acrylate,518.0174589,18.10704218047753
457.03915242653915,1.605606666667,2867.989501953125,0.01896079365196602,"1-(4,4,5,5,6,6,7,7,8,8,9,9,9-Tridecafluorononyl)-1H-pyrrole-2,5-dione",457.0347451,9.64321440677001
361.9860583697525,0.701151666667,2867.2783203125,0.018956091902420643,"2,3,5,6-Tetrafluoro-4-(1,1,1,2,3,3,3-heptafluoropropan-2-yl)benzoic acid",361.9800895,16.489225522632175
399.0157094775653,1.621105,2861.9453125,0.018920834430031615,"1H,1H-Perfluorooctylamine",399.0104221,13.2510511232144
241.0731384302439,2.058485,2841.773681640625,0.01878747615585112,"5,5,6,6,7,7,7-Heptafluoroheptan-3-amine",241.0701467,12.410052249530207
363.1023729828415,1.260613333333,2834.1357421875,0.01873698036644942,"N-methyl perfluoroalkanesulfonamido quaternary ammonium, n=3",363.097721,12.811766564010322
434.9927214428446,1.709605,2831.926513671875,0.01872237475998319,"Glycine, N-ethyl-N-[(undecafluoropentyl)sulfonyl]-",434.9998387,16.361784472638586
365.9368513652099,0.701151666667,2830.241455078125,0.01871123453500475,"ether-substituted Perfluoroalkyl (linear) sulfonic acids, n=4",365.9419894,14.040768976736064
458.01461938126516,1.612825,2829.725830078125,0.018707825645530037,"Dodecane, 1,1,1,2,2,3,3,4,4-nonafluoro-6-iodo-",458.0153023,1.4910413465248331
520.9631090481396,0.676116666667,2823.490234375,0.018666601002502746,"perfluoropropanesulfonamido sulfonic acid, n=6",520.9636304,1.0007462167966212
241.07410711171764,2.044106666667,2810.455078125,0.018580423243585192,"5,5,6,6,7,7,7-Heptafluoroheptan-3-amine",241.0701467,16.42819199903894
241.0734516353645,2.035771666667,2801.84814453125,0.01852352125990076,"5,5,6,6,7,7,7-Heptafluoroheptan-3-amine",241.0701467,13.709246464417074
161.99009363527108,0.88944,2793.050537109375,0.018465358697295986,"Hexafluoro-1,3-butadiene",161.9904192,2.0097817193926812
460.0130265857842,1.621105,2792.5986328125,0.018462371076833062,"1-Undecene, 4,4,5,5,6,6,7,7,8,8,9,9,10,10,11,11,11-heptadecafluoro-",460.0119796,2.275991599503193
434.99268249494895,1.605606666667,2784.46044921875,0.018408568083580185,"Glycine, N-ethyl-N-[(undecafluoropentyl)sulfonyl]-",434.9998387,16.451322836056267
363.10237298224484,1.243981666667,2766.958740234375,0.018292861142399437,"N-methyl perfluoroalkanesulfonamido quaternary ammonium, n=3",363.097721,12.81176492089002
518.9681092015965,0.701151666667,2740.7166015625003,0.018119369650884266,Sodium 2-((undecafluoropentylsulphonylamino)methyl)benzenesulphonate,518.966824,2.476455823972231
317.06919811115506,1.015773333333,2735.745849609375,0.018086507117038124,"N-(2,4-Dimethylphenyl)-2,2,3,3,4,4,4-heptafluorobutanamide",317.0650614,13.046714028713861
344.9840604882328,0.701151666667,2728.473876953125,0.018038430799853563,Perfluoroheptanenitrile,344.9823156,5.057880733165455
376.00159124593694,0.701151666667,2696.7783203125,0.01782888578278226,"1,1,1,2,2,3,3,4,4,5,5-undecafluoro-5-(propylsulfonyl)pentane",375.9991104,6.59796659027161
460.01306241544285,1.628313333333,2685.74560546875,0.017755946523614514,"1-Undecene, 4,4,5,5,6,6,7,7,8,8,9,9,10,10,11,11,11-heptadecafluoro-",460.0119796,2.3538797727667027
523.9192193168375,0.701151666667,2684.111572265625,0.017745143636657006,"Cyclohexanecarboxamide, N-(2-bromo-4-nitrophenyl)-1,2,2,3,3,4,4,5,5,6,6-undecafluoro-",523.9229651,7.1495433350505255
331.0148794421531,0.650281666667,2670.3603515625,0.01765423184704375,2-(Heptafluoropropyl)-6-nitro-1H-benzimidazole,331.0191738,12.9733075870766
393.96561219496067,0.727448333333,2667.34912109375,0.017634324061636026,"Hexane, 1-(ethenylsulfinyl)-1,1,2,2,3,3,4,4,5,5,6,6,6-tridecafluoro-",393.969702,10.381121886572112
161.9900936352338,0.807438333333,2665.44482421875,0.017621734413007826,"Hexafluoro-1,3-butadiene",161.9904192,2.009781949587978
241.07305632688298,2.051293333333,2658.044921875,0.01757281232968465,"5,5,6,6,7,7,7-Heptafluoroheptan-3-amine",241.0701467,12.069481871181315
241.07293954240816,2.073956666667,2649.5947265625,0.017516946570925767,"5,5,6,6,7,7,7-Heptafluoroheptan-3-amine",241.0701467,11.585051451466779
241.07323867751478,2.090605,2645.740478515625,0.01749146544491379,"5,5,6,6,7,7,7-Heptafluoroheptan-3-amine",241.0701467,12.825884497727342
317.0691981113224,0.952281666667,2565.91650390625,0.01696373481339739,"N-(2,4-Dimethylphenyl)-2,2,3,3,4,4,4-heptafluorobutanamide",317.0650614,13.046714556500358
434.98879675443226,1.597315,2558.944580078125,0.016917642172900527,"2-Fluoro-4,6-bis(1,1,1,2,3,3,3-heptafluoropropan-2-yl)-1,3,5-triazine",434.98527,8.107690263652223
460.0130308561434,1.612825,2555.9208984375,0.016897652070559467,"1-Undecene, 4,4,5,5,6,6,7,7,8,8,9,9,10,10,11,11,11-heptadecafluoro-",460.0119796,2.2852747050271205
458.01470966025516,1.709605,2536.98291015625,0.016772449629009527,"Dodecane, 1,1,1,2,2,3,3,4,4-nonafluoro-6-iodo-",458.0153023,1.2939316845279538
362.1098389178461,1.297003333333,2521.068115234375,0.01666723406168561,"(3,3,4,4,5,5,6,6,6-Nonafluorohexyl)di(propan-2-yl)silane",362.1112309,3.8440881862384257
346.00883331230085,0.701151666667,2517.0078125,0.016640390671129764,(Perfluorohexyl)ethylene,346.0027167,17.677618927498987
458.0146764965495,1.7168,2483.08984375,0.01641615288848634,"Dodecane, 1,1,1,2,2,3,3,4,4-nonafluoro-6-iodo-",458.0153023,1.3663392956362483
506.9476650048166,0.676116666667,2474.302978515625,0.016358061344412294,WG-III,506.9457524,3.772785533152932
161.98921160191438,0.896613333333,2467.5322265625,0.016313298687308974,"Hexafluoro-1,3-butadiene",161.9904192,7.45480562360864
317.0691981112569,1.00028,2454.44091796875,0.01622674969516264,"N-(2,4-Dimethylphenyl)-2,2,3,3,4,4,4-heptafluorobutanamide",317.0650614,13.046714349975208
360.02288349013696,0.676116666667,2438.210693359375,0.01611944876552749,"(2E)-4,4,5,5,6,6,7,7,8,8,9,9,9-Tridecafluoro-2-nonene",360.0183668,12.545564029576992
329.02974419458127,0.701151666667,2436.60791015625,0.01610885247793209,2-Fluoro-4-(nonafluorobutyl)aniline,329.0262312,10.67682981028001
475.9707415503434,0.650281666667,2387.42578125,0.015783700591246053,"double bond-perfluoroalkyl (linear) carboxylic acids_n_1, n=6",475.9705087,0.4892114642684781
161.9900936352629,0.903786666667,2383.64306640625,0.015758692384086396,"Hexafluoro-1,3-butadiene",161.9904192,2.009781769923356
379.9532607411836,0.727448333333,2382.059814453125,0.01574822522109231,"Cl-substituted perfluoroalkyl (linear) carboyxlic acids_i, n=6",379.9473454,15.56860223295848
393.9653130342528,0.676116666667,2333.935302734375,0.015430065431567474,"Hexane, 1-(ethenylsulfinyl)-1,1,2,2,3,3,4,4,5,5,6,6,6-tridecafluoro-",393.969702,11.14048775862836
202.0273226543034,0.676116666667,2329.562255859375,0.015401154433333071,"Poly(difluoromethylene), .alpha.-[2-[(2-carboxyethyl)thio]ethyl]-.omega.-fluoro-, lithium salt (1:1)|Poly(difluoromethylene), .alpha.-[2-[(2-carboxyethyl)thio]ethyl]-.omega.-fluoro-  (Zonyl 7950)",202.0275349,1.0505791683407404
287.14728335766955,1.418605,2325.77294921875,0.015376102646620468,"1-Butanesulfonic acid, 1,1,2,2,3,3,4,4,4-nonafluoro-, ion(1-), 1-(4-butoxy-1-naphthalenyl)tetrahydrothiophenium",287.1469611,1.122273091996033
522.9221145573562,0.701151666667,2307.123779296875,0.01525280963511247,Phenyl(tridecafluorohexyl)iodanium trifluoromethanesulfonate,522.9228398,1.3869037542360532
399.015713181627,1.612825,2301.88427734375,0.015218170346752238,"1H,1H-Perfluorooctylamine",399.0104221,13.2603339973487
460.01308822078056,1.7168,2296.930908203125,0.015185422733801267,"1-Undecene, 4,4,5,5,6,6,7,7,8,8,9,9,10,10,11,11,11-heptadecafluoro-",460.0119796,2.409976604861062
518.0072257644646,0.701151666667,2292.15966796875,0.015153879207757558,8:2 Fluorotelomer acrylate,518.0174589,19.75481233928887
458.0146295690027,1.70128,2291.6181640625,0.015150299228186103,"Dodecane, 1,1,1,2,2,3,3,4,4-nonafluoro-6-iodo-",458.0153023,1.4687980554536362
359.0051605396803,0.746128333333,2287.407958984375,0.015122464806315164,"[S-(1,1,2,2,3,3,4,4,4-Nonafluorobutane-1-)sulfonimidoyl]benzene",359.0026384,7.025357731517619
432.99681269609255,1.59011,2281.18798828125,0.015081343462968924,4-Acetamidophenyl nonafluorobutane-1-sulfonate,433.0030323,14.364087044193802
458.0146151291963,1.621105,2277.548095703125,0.015057279479456379,"Dodecane, 1,1,1,2,2,3,3,4,4-nonafluoro-6-iodo-",458.0153023,1.5003250573286366
458.0146686504167,1.605606666667,2273.92822265625,0.015033347848660183,"Dodecane, 1,1,1,2,2,3,3,4,4-nonafluoro-6-iodo-",458.0153023,1.383470064715377
363.10237298241947,1.205773333333,2265.281005859375,0.014976179545485536,"N-methyl perfluoroalkanesulfonamido quaternary ammonium, n=3",363.097721,12.81176540180328
504.98550739193547,0.701151666667,2260.41357421875,0.01494400008078035,"Thiocyanic acid, 3,3,4,4,5,5,6,6,7,7,8,8,9,9,10,10,10-heptadecafluorodecyl ester",504.9792993,12.29360416213472
317.06919811100227,1.007468333333,2259.712158203125,0.01493936289353563,"N-(2,4-Dimethylphenyl)-2,2,3,3,4,4,4-heptafluorobutanamide",317.0650614,13.04671354682184
395.0223570188775,1.725105,2254.8271484375,0.014907067216689262,"N-(1,1,2,2,3,3,4,4,4-Nonafluorobutane-1-sulfonyl)cyclopentanecarboxamide",395.0237677,3.5711424870360027
363.1023729823467,1.276135,2252.485107421875,0.014891583562934092,"N-methyl perfluoroalkanesulfonamido quaternary ammonium, n=3",363.097721,12.811765201422755
457.03914772769315,1.597315,2236.3740234375,0.014785070293366962,"1-(4,4,5,5,6,6,7,7,8,8,9,9,9-Tridecafluorononyl)-1H-pyrrole-2,5-dione",457.0347451,9.632933447885195
441.01316658859844,1.693478333333,2223.236572265625,0.014698216244350025,"N-Ethyl-1,1,2,2,3,3,4,4,5,5,6,6,6-tridecafluoro-N-methylhexane-1-sulfonamide",441.0068158,14.400451232639139
432.9737398350501,1.813808333333,2220.113037109375,0.014677565992484742,"2,2,3,3,4,4,4-Heptafluoro-N-(nonafluorobutyl)butanimidoyl fluoride",432.9759284,5.0547290714162605
396.01073003963035,1.667636666667,2193.06298828125,0.014498733261836181,(Tridecafluorohexyl)benzene,396.0183668,19.284225881742763
360.0229376188872,0.701151666667,2180.463134765625,0.014415433367470434,"(2E)-4,4,5,5,6,6,7,7,8,8,9,9,9-Tridecafluoro-2-nonene",360.0183668,12.695910203480564
287.1452436072423,1.431153333333,2161.20068359375,0.01428808584348115,"1-Butanesulfonic acid, 1,1,2,2,3,3,4,4,4-nonafluoro-, ion(1-), 1-(4-butoxy-1-naphthalenyl)tetrahydrothiophenium",287.1469611,5.981268350823558
241.07392200460384,2.106136666667,2159.1962890625,0.01427483443127121,"5,5,6,6,7,7,7-Heptafluoroheptan-3-amine",241.0701467,15.66036082394091
460.01308034076146,1.605606666667,2157.150146484375,0.01426130701522596,"1-Undecene, 4,4,5,5,6,6,7,7,8,8,9,9,10,10,11,11,11-heptadecafluoro-",460.0119796,2.392846656944832
459.0353957680471,1.647948333333,2141.670654296875,0.014158969312453851,"6-[(2,2,3,3,4,4,5,5,6,6,7,7,7-Tridecafluoroheptyl)oxy]-1,3,5-triazine-2,4-diamine",459.0364765,2.354354289084415
520.9631873734637,0.701151666667,2134.04931640625,0.014108583278963268,"perfluoropropanesulfonamido sulfonic acid, n=6",520.9636304,0.8503989285287472
460.01304108868135,1.70128,2130.337158203125,0.014084041534425858,"1-Undecene, 4,4,5,5,6,6,7,7,8,8,9,9,10,10,11,11,11-heptadecafluoro-",460.0119796,2.3075186712487428
317.06919811112596,1.022988333333,2129.770263671875,0.014080293692872694,"N-(2,4-Dimethylphenyl)-2,2,3,3,4,4,4-heptafluorobutanamide",317.0650614,13.046713936924904
434.99271677907416,1.725105,2129.75830078125,0.014080214604054389,"Glycine, N-ethyl-N-[(undecafluoropentyl)sulfonyl]-",434.9998387,16.372506138895414
317.06919811137334,0.967806666667,2115.79345703125,0.013987890514114249,"N-(2,4-Dimethylphenyl)-2,2,3,3,4,4,4-heptafluorobutanamide",317.0650614,13.046714717131033
457.0057259031679,1.647948333333,2110.124267578125,0.013950410484525088,6-Methoxyquinolin-4-yl nonafluorobutane-1-sulfonate,457.0030323,5.894024987550649
457.03911342816036,1.70128,2107.907470703125,0.01393575484227585,"1-(4,4,5,5,6,6,7,7,8,8,9,9,9-Tridecafluorononyl)-1H-pyrrole-2,5-dione",457.0347451,9.557886911663898
489.9757201141686,0.701151666667,2106.304443359375,0.01392515694062293,Bis(pentafluorophenyl) phenyl phosphite,489.9816625,12.127918971235898
319.08107039622814,0.983635,2066.823486328125,0.013664141243409996,2-Amino-3-(perfluoropropyl)-1-phenyl-3-propanol,319.0807114,1.1250940950908006
249.9792529060238,0.54244,2040.62158203125,0.013490915748573534,"1,1,2,3,4,4,4-Heptafluoro-3-(trifluoromethyl)but-1-ene",249.984032,19.11796247355674
647.9682402149853,0.650281666667,2035.4322509765625,0.013456608149032928,"2,3,3,3-Tetrafluoro-2-{1,1,2,3,3,3-hexafluoro-2-[1,1,2,3,3,3-hexafluoro-2-(heptafluoropropoxy)propoxy]propoxy}propan-1-ol",647.9664072,2.8288654774204405
287.14736791905074,1.384273333333,2029.9443359375,0.013420326557149722,"1-Butanesulfonic acid, 1,1,2,2,3,3,4,4,4-nonafluoro-, ion(1-), 1-(4-butoxy-1-naphthalenyl)tetrahydrothiophenium",287.1469611,1.416760507632218
287.1452745941102,1.445281666667,2027.4598388671875,0.01340390110083371,"1-Butanesulfonic acid, 1,1,2,2,3,3,4,4,4-nonafluoro-, ion(1-), 1-(4-butoxy-1-naphthalenyl)tetrahydrothiophenium",287.1469611,5.873354148568836
522.9322202220287,0.650281666667,2019.1168212890625,0.013348743913324542,Phenyl(tridecafluorohexyl)iodanium trifluoromethanesulfonate,522.9228398,17.93812212358152
331.00718014618747,0.676116666667,2014.978271484375,0.013321383217334679,"2,3,5-Trifluoro-4-(1,1,1,2,3,3,3-heptafluoropropan-2-yl)-6-methoxypyridine",331.0054957,5.088850902686188
509.9050713139324,0.676116666667,2013.5230712890625,0.013311762627507962,"1-Iodo-1H,1H-perfluorooctane",509.8961711,17.454648782904545
460.0131215287204,1.709605,2012.7498779296875,0.01330665090735341,"1-Undecene, 4,4,5,5,6,6,7,7,8,8,9,9,10,10,11,11,11-heptadecafluoro-",460.0119796,2.4823829297806554
362.10983891855915,1.17165,2004.388916015625,0.013251375086616782,"(3,3,4,4,5,5,6,6,6-Nonafluorohexyl)di(propan-2-yl)silane",362.1112309,3.844086217093955
519.9719358438351,0.727448333333,1995.8543701171875,0.01319495167098597,1-H-Perflurodecane,519.9742922,4.531698736943957
317.0692382193039,0.976105,1990.5557861328125,0.01315992178070676,"N-(2,4-Dimethylphenyl)-2,2,3,3,4,4,4-heptafluorobutanamide",317.0650614,13.173208878132849
376.00159124605335,0.727448333333,1972.6510009765625,0.013041550030566375,"1,1,1,2,2,3,3,4,4,5,5-undecafluoro-5-(propylsulfonyl)pentane",375.9991104,6.597966899883475
317.069198111206,1.030281666667,1969.489501953125,0.013020648792757288,"N-(2,4-Dimethylphenyl)-2,2,3,3,4,4,4-heptafluorobutanamide",317.0650614,13.046714189344534
533.9861432640427,0.727448333333,1964.7730712890625,0.012989467622626018,4-[(Heptadecafluorooctyl)oxy]-4-oxobut-2-enoic acid,533.975988,19.01784188733515
161.9900936352338,0.919275,1952.0025634765625,0.012905039502056284,"Hexafluoro-1,3-butadiene",161.9904192,2.009781949587978
287.14522900509587,1.463991666667,1943.67724609375,0.012849999333717057,"1-Butanesulfonic acid, 1,1,2,2,3,3,4,4,4-nonafluoro-, ion(1-), 1-(4-butoxy-1-naphthalenyl)tetrahydrothiophenium",287.1469611,6.032121481276625
432.99686660026026,1.749271666667,1940.9735107421875,0.012832124453751287,4-Acetamidophenyl nonafluorobutane-1-sulfonate,433.0030323,14.239594360397414
396.0110316748916,1.68031,1935.5269775390625,0.012796116444617115,(Tridecafluorohexyl)benzene,396.0183668,18.522527206816708
457.0056602618958,1.621105,1934.81103515625,0.012791383220950168,6-Methoxyquinolin-4-yl nonafluorobutane-1-sulfonate,457.0030323,5.750392444416528
241.07397941749736,2.02744,1931.8990478515625,0.012772131549922877,"5,5,6,6,7,7,7-Heptafluoroheptan-3-amine",241.0701467,15.898511762268843
457.00566450424884,1.612825,1906.3968505859375,0.01260353194392852,6-Methoxyquinolin-4-yl nonafluorobutane-1-sulfonate,457.0030323,5.759675324208597
520.9783232854166,0.650281666667,1897.8360595703125,0.012546935017114692,Perfluamine,520.9695412,16.85691136108578
319.084409229102,0.976105,1870.1966552734375,0.012364205951621453,2-Amino-3-(perfluoropropyl)-1-phenyl-3-propanol,319.0807114,11.588874276066791
241.07312978477643,2.130121666667,1870.00146484375,0.012362915512637063,"5,5,6,6,7,7,7-Heptafluoroheptan-3-amine",241.0701467,12.374190267827098
287.14526813632835,1.396791666667,1855.43359375,0.012266604700631326,"1-Butanesulfonic acid, 1,1,2,2,3,3,4,4,4-nonafluoro-, ion(1-), 1-(4-butoxy-1-naphthalenyl)tetrahydrothiophenium",287.1469611,5.89584387941331
318.1079405468685,0.983635,1839.4805908203125,0.01216113653330609,"1,1,1,2,2,3,3,4,4-Nonafluoroundecane",318.1030043,15.517521694127812
241.07352663232672,2.122938333333,1832.00341796875,0.012111703600778963,"5,5,6,6,7,7,7-Heptafluoroheptan-3-amine",241.0701467,14.020338001956851
319.08107039643187,0.960606666667,1817.5560302734375,0.012016189326157587,2-Amino-3-(perfluoropropyl)-1-phenyl-3-propanol,319.0807114,1.1250947335698671
319.0837610029787,0.991938333333,1810.47509765625,0.011969376008979635,2-Amino-3-(perfluoropropyl)-1-phenyl-3-propanol,319.0807114,9.557374430839387
331.99360681313556,0.701151666667,1809.3489990234375,0.011961931168685073,NSC146413,331.9953268,5.180783090795663
241.07268962470192,2.114598333333,1805.241455078125,0.011934775457999796,"5,5,6,6,7,7,7-Heptafluoroheptan-3-amine",241.0701467,10.548373214203947
395.0223612545426,1.73344,1789.3033447265625,0.011829405748183062,"N-(1,1,2,2,3,3,4,4,4-Nonafluorobutane-1-sulfonyl)cyclopentanecarboxamide",395.0237677,3.560419853040033
316.001811696043,0.650281666667,1788.0423583984375,0.01182106914111067,"3,5,6-Trifluoro-4-(1,1,1,2,3,3,3-heptafluoropropan-2-yl)pyridin-2-amine",316.0058301,12.716395312672779
395.02231207903355,1.59011,1786.64404296875,0.011811824626685282,"N-(1,1,2,2,3,3,4,4,4-Nonafluorobutane-1-sulfonyl)cyclopentanecarboxamide",395.0237677,3.684908224024878
317.0691981113297,0.938781666667,1774.5963134765625,0.011732174923392957,"N-(2,4-Dimethylphenyl)-2,2,3,3,4,4,4-heptafluorobutanamide",317.0650614,13.046714579447597
506.96226880224435,0.650281666667,1772.1490478515625,0.011715995610848202,Perfluoroheptane sulfonamidoacetic acid,506.9621513,0.23177709973145993
318.1055133042322,0.952281666667,1771.9281005859375,0.011714534888795827,"1,1,1,2,2,3,3,4,4-Nonafluoroundecane",318.1030043,7.8873333760654765
363.1023729823467,1.197141666667,1769.552001953125,0.011698826074017114,"N-methyl perfluoroalkanesulfonamido quaternary ammonium, n=3",363.097721,12.811765201422755
458.0146639422429,1.597315,1766.4647216796875,0.011678415509693021,"Dodecane, 1,1,1,2,2,3,3,4,4-nonafluoro-6-iodo-",458.0153023,1.3937496052202007
363.1023729826523,1.18417,1764.447265625,0.011665077745405953,"N-methyl perfluoroalkanesulfonamido quaternary ammonium, n=3",363.097721,12.811766043020958
362.10983891765693,1.310951666667,1745.3203125,0.011538626023338291,"(3,3,4,4,5,5,6,6,6-Nonafluorohexyl)di(propan-2-yl)silane",362.1112309,3.8440887086645104
399.0157561044532,1.605606666667,1741.8983154296875,0.011516002586159165,"1H,1H-Perfluorooctylamine",399.0104221,13.36790432851677
317.06919811134424,0.960606666667,1726.501708984375,0.011414212855913887,"N-(2,4-Dimethylphenyl)-2,2,3,3,4,4,4-heptafluorobutanamide",317.0650614,13.046714625342076
202.02698119781437,0.650281666667,1723.2418212890625,0.011392661152925674,"Poly(difluoromethylene), .alpha.-[2-[(2-carboxyethyl)thio]ethyl]-.omega.-fluoro-, lithium salt (1:1)|Poly(difluoromethylene), .alpha.-[2-[(2-carboxyethyl)thio]ethyl]-.omega.-fluoro-  (Zonyl 7950)",202.0275349,2.740733848312357
346.0142570095779,0.650281666667,1718.5098876953125,0.011361377490142112,"4-(Nonafluorobutyl)benzene-1,2-dicarbonitrile",346.0152519,2.875287367442469
319.0810703964828,1.00028,1714.75341796875,0.01133654279416547,2-Amino-3-(perfluoropropyl)-1-phenyl-3-propanol,319.0807114,1.1250948931896338
318.10551330430496,1.007468333333,1706.1810302734375,0.011279869199619609,"1,1,1,2,2,3,3,4,4-Nonafluoroundecane",318.1030043,7.887333604791479
363.1023729824777,1.284446666667,1704.2344970703125,0.011267000319041065,"N-methyl perfluoroalkanesulfonamido quaternary ammonium, n=3",363.097721,12.811765562107698
331.99870269919666,0.650281666667,1685.2789306640625,0.01114168166534994,NSC146413,331.9953268,10.16841080770109
361.9918640287472,0.650281666667,1670.7200927734375,0.011045430573472311,"2,2,3,3,4,4,4-Heptafluorobutyl 1,2,3-benzothiadiazole-7-carboxylate",361.9959956,11.41343677401226
360.9892049578874,0.650281666667,1664.6896484375002,0.011005562222976082,"2-Chloro-6-(difluoromethoxy)-4-(1,1,1,2,3,3,3-heptafluoropropan-2-yl)aniline",360.9915953,6.62164430330056
344.98406048836375,0.727448333333,1658.8135986328125,0.010966714602453244,Perfluoroheptanenitrile,344.9823156,5.057881112796254
358.9992864739567,0.676116666667,1655.811767578125,0.010946868958259904,"[S-(1,1,2,2,3,3,4,4,4-Nonafluorobutane-1-)sulfonimidoyl]benzene",359.0026384,9.33685990362352
318.10794054679576,0.967806666667,1650.52685546875,0.010911929455201613,"1,1,1,2,2,3,3,4,4-Nonafluoroundecane",318.1030043,15.517521465405299
317.0689938934403,1.052985,1634.868896484375,0.010808411876384991,"N-(2,4-Dimethylphenyl)-2,2,3,3,4,4,4-heptafluorobutanamide",317.0650614,12.40264269299721
318.10794054713045,1.00028,1625.8131103515625,0.010748542447956588,"1,1,1,2,2,3,3,4,4-Nonafluoroundecane",318.1030043,15.517522517528851
287.14523098955465,1.40981,1611.54443359375,0.010654209663437244,"1-Butanesulfonic acid, 1,1,2,2,3,3,4,4,4-nonafluoro-, ion(1-), 1-(4-butoxy-1-naphthalenyl)tetrahydrothiophenium",287.1469611,6.025210446256061
457.03919334850724,1.709605,1600.7086181640625,0.010582572141656506,"1-(4,4,5,5,6,6,7,7,8,8,9,9,9-Tridecafluorononyl)-1H-pyrrole-2,5-dione",457.0347451,9.732750652390694
202.02732497663064,0.701151666667,1597.55810546875,0.010561743536435656,"Poly(difluoromethylene), .alpha.-[2-[(2-carboxyethyl)thio]ethyl]-.omega.-fluoro-, lithium salt (1:1)|Poly(difluoromethylene), .alpha.-[2-[(2-carboxyethyl)thio]ethyl]-.omega.-fluoro-  (Zonyl 7950)",202.0275349,1.0390840416894507
434.9927214436595,1.73344,1593.617431640625,0.010535691034062863,"Glycine, N-ethyl-N-[(undecafluoropentyl)sulfonyl]-",434.9998387,16.361782599226583
457.0056958573386,1.628313333333,1587.532470703125,0.010495462264523213,6-Methoxyquinolin-4-yl nonafluorobutane-1-sulfonate,457.0030323,5.828280397303908
661.9677716086804,0.676116666667,1582.2952880859375,0.010460838309709385,"Perfluoro-2,2,9,9-tetramethyldeca-3,7-diene",661.9584832,14.031511923636984
161.99009363527017,0.91097,1581.7984619140625,0.010457553702663437,"Hexafluoro-1,3-butadiene",161.9904192,2.0097817250072003
318.1079405470795,0.960606666667,1571.3507080078125,0.010388481725305074,"1,1,1,2,2,3,3,4,4-Nonafluoroundecane",318.1030043,15.517522357423095
538.1756504829006,1.445281666667,1565.4290771484375,0.01034933276024392,"1,1,1,2,2,3,3,4,4,5,5,6,6,7,7-Pentadecafluorononadecane",538.1716738,7.389191422864892
319.08457777776607,1.022988333333,1558.1951904296875,0.01030150823603192,2-Amino-3-(perfluoropropyl)-1-phenyl-3-propanol,319.0807114,12.117093822002438
538.1755650382264,1.463991666667,1553.93408203125,0.010273337283168805,"1,1,1,2,2,3,3,4,4,5,5,6,6,7,7-Pentadecafluorononadecane",538.1716738,7.230425309490203
431.990745723482,1.68031,1551.060546875,0.010254339826200352,"1h,1h-perfluoro-3,6-dioxadecan-1-ol",431.984267,14.997366369893868
378.9918749783821,0.701151666667,1546.1630859375,0.010221961832420646,"2,3,3,3-Tetrafluoro-N-(pentafluorophenyl)-2-(trifluoromethyl)propanamide",378.9866521,13.780977184228668
434.9927169834849,1.740645,1545.5933837890625,0.010218195429206043,"Glycine, N-ethyl-N-[(undecafluoropentyl)sulfonyl]-",434.9998387,16.372036213556555
241.07382522412303,2.137318333333,1537.275146484375,0.010163202068534794,"5,5,6,6,7,7,7-Heptafluoroheptan-3-amine",241.0701467,15.258911329746603
522.9221145568905,0.727448333333,1532.86572265625,0.010134050575730443,Phenyl(tridecafluorohexyl)iodanium trifluoromethanesulfonate,522.9228398,1.3869046447356517
319.08107039606807,1.007468333333,1527.322265625,0.010097401785762246,2-Amino-3-(perfluoropropyl)-1-phenyl-3-propanol,319.0807114,1.1250935934286768
457.9811350402403,1.647948333333,1522.583984375,0.010066076157483256,5-Hexenoic acid,457.9799305,2.630108858467844
365.9368513651517,0.727448333333,1507.76611328125,0.009968112550580688,"ether-substituted Perfluoroalkyl (linear) sulfonic acids, n=4",365.9419894,14.040769135803068
319.0810703962427,0.967806666667,1503.5498046875,0.009940237777271838,2-Amino-3-(perfluoropropyl)-1-phenyl-3-propanol,319.0807114,1.1250941406964483
287.14730790714947,1.478115,1500.8466796875,0.009922366932449859,"1-Butanesulfonic acid, 1,1,2,2,3,3,4,4,4-nonafluoro-, ion(1-), 1-(4-butoxy-1-naphthalenyl)tetrahydrothiophenium",287.1469611,1.207767372075044
458.0147047492135,1.725105,1499.6475830078125,0.009914439488957883,"Dodecane, 1,1,1,2,2,3,3,4,4-nonafluoro-6-iodo-",458.0153023,1.304654152581812
461.9980578756981,1.693478333333,1492.3909912109375,0.009866464857396857,8:2 Fluorotelomer aldehyde,461.9912441,14.748494245703503
581.1682541022524,1.499005,1487.606201171875,0.009834831751160985,"N-Dodecyl-2,2,3,3,4,4,5,5,6,6,7,7,8,8,8-pentadecafluorooctanamide",581.1774875,15.887649888706397
517.0178543818531,0.746128333333,1481.5135498046875,0.009794552138809566,N-Ethyl-N-2-propenylperfluoroheptanesulfonamide,517.0192723,2.7424935809890343
436.9754502962756,1.68031,1481.49853515625,0.009794452874272306,2-{Methyl[(nonafluorobutyl)sulfonyl]amino}ethyl phosphate,436.974448,2.2937130104712744
457.9852665402022,1.612825,1476.146484375,0.009759069505396996,5-Hexenoic acid,457.9799305,11.651117605763227
344.9922013396803,0.650281666667,1466.9450195312502,0.009698236968848537,"Methanesulfonic acid, 1,1,1-trifluoro-, 1,3-dioxo-1H-benz[de]isoquinolin-2(3H)-yl ester",344.9918776,0.9383970972513779
361.98605836986894,0.727448333333,1465.589111328125,0.009689272816213753,"2,3,5,6-Tetrafluoro-4-(1,1,1,2,3,3,3-heptafluoropropan-2-yl)benzoic acid",361.9800895,16.489225844228546
459.03536558825334,1.628313333333,1464.406005859375,0.009681451093489104,"6-[(2,2,3,3,4,4,5,5,6,6,7,7,7-Tridecafluoroheptyl)oxy]-1,3,5-triazine-2,4-diamine",459.0364765,2.4201005628982695
319.0810703960899,0.952281666667,1453.621337890625,0.00961015171675806,2-Amino-3-(perfluoropropyl)-1-phenyl-3-propanol,319.0807114,1.1250936618371483
202.00057172240508,2.419115,1451.851806640625,0.009598453027878932,"1H,4H-Octafluorobutane",202.0028757,11.405797395891838
396.02179790515186,1.647948333333,1448.521484375,0.009576435669297228,(Tridecafluorohexyl)benzene,396.0183668,8.663930041181063
287.14730781366666,1.499005,1446.83251953125,0.009565269619398523,"1-Butanesulfonic acid, 1,1,2,2,3,3,4,4,4-nonafluoro-, ion(1-), 1-(4-butoxy-1-naphthalenyl)tetrahydrothiophenium",287.1469611,1.2074418154865736
436.97729673442007,1.667636666667,1439.52978515625,0.009516989930966889,2-{Methyl[(nonafluorobutyl)sulfonyl]amino}ethyl phosphate,436.974448,6.51918175465577
363.9771623447247,0.701151666667,1439.4959716796875,0.009516766384000864,Potassium tridecafluoroheptanoate,363.9768959,0.7320369305958193
459.9793269967892,1.647948333333,1439.0478515625,0.009513803781429445,"Methyl difluoro[1,1,2,2-tetrafluoro-2-(nonafluorobutoxy)ethoxy]acetate",459.9791816,0.3160941822252099
518.0094923896398,0.727448333333,1436.289306640625,0.009495566545551235,8:2 Fluorotelomer acrylate,518.0174589,15.379081806724459
506.9477412226325,0.701151666667,1435.7939453125,0.009492291622850386,WG-III,506.9457524,3.923131460625983
538.1755188651391,1.486438333333,1435.7288818359375,0.009491861476522255,"1,1,1,2,2,3,3,4,4,5,5,6,6,7,7-Pentadecafluorononadecane",538.1716738,7.144630337721902
346.0088333123736,0.727448333333,1434.9296875,0.009486577859242201,(Perfluorohexyl)ethylene,346.0027167,17.677619137777697
538.175559878514,1.478115,1428.7503662109375,0.009445725256472448,"1,1,1,2,2,3,3,4,4,5,5,6,6,7,7-Pentadecafluorononadecane",538.1716738,7.220837963927419
318.10794054706497,0.976105,1426.2088623046875,0.009428922917726349,"1,1,1,2,2,3,3,4,4-Nonafluoroundecane",318.1030043,15.517522311678592
318.1079405472105,0.991938333333,1414.3134765625,0.009350280386324279,"1,1,1,2,2,3,3,4,4-Nonafluoroundecane",318.1030043,15.517522769123614
287.14514230171534,1.513115,1409.6968994140625,0.009319759365717233,"1-Butanesulfonic acid, 1,1,2,2,3,3,4,4,4-nonafluoro-, ion(1-), 1-(4-butoxy-1-naphthalenyl)tetrahydrothiophenium",287.1469611,6.334072971183051
399.01234214641437,1.597315,1408.2698974609375,0.009310325199533663,"1H,1H-Perfluorooctylamine",399.0104221,4.811997553790989
518.0200258556732,0.650281666667,1408.10888671875,0.009309260728601575,8:2 Fluorotelomer acrylate,518.0174589,4.955321310278615
161.9900936352638,0.798678333333,1395.5665283203125,0.00922634094478095,"Hexafluoro-1,3-butadiene",161.9904192,2.0097817643088365
317.0691981111187,1.045796666667,1395.11962890625,0.009223386412497113,"N-(2,4-Dimethylphenyl)-2,2,3,3,4,4,4-heptafluorobutanamide",317.0650614,13.046713913977666
331.0999991538856,1.340605,1393.854248046875,0.009215020752389424,"1-[Bis(2-hydroxyethyl)amino]-4,4,5,5,6,6,6-heptafluorohexan-2-ol",331.1018408,5.562205131615235
359.00516053953476,0.75915,1392.431396484375,0.009205614025183636,"[S-(1,1,2,2,3,3,4,4,4-Nonafluorobutane-1-)sulfonimidoyl]benzene",359.0026384,7.0253573261804645
365.92178982310514,0.650281666667,1391.322265625,0.009198281361886468,"Cl-substituted perfluoroalkyl (linear) sulfonic acids_i, n=4",365.9175243,11.656925670320339
431.98933075839244,1.667636666667,1388.8060302734375,0.00918164607809332,"1h,1h-perfluoro-3,6-dioxadecan-1-ol",431.984267,11.721952446285687
331.0999991536455,1.323468333333,1388.05419921875,0.009176675587971455,"1-[Bis(2-hydroxyethyl)amino]-4,4,5,5,6,6,6-heptafluorohexan-2-ol",331.1018408,5.562205856797769
317.0691981110823,1.038606666667,1385.3089599609375,0.00915852631822789,"N-(2,4-Dimethylphenyl)-2,2,3,3,4,4,4-heptafluorobutanamide",317.0650614,13.04671379924147
432.0002178736178,1.647948333333,1382.0367431640625,0.009136893105335098,"1H,1H,9H-Hexadecafluoro-1-nonanol",432.0006659,1.0370975838359633
319.08107039635183,0.938781666667,1376.9583740234375,0.009103319094935712,2-Amino-3-(perfluoropropyl)-1-phenyl-3-propanol,319.0807114,1.1250944827388052
287.14735111547594,1.556605,1373.8997802734375,0.009083098182369803,"1-Butanesulfonic acid, 1,1,2,2,3,3,4,4,4-nonafluoro-, ion(1-), 1-(4-butoxy-1-naphthalenyl)tetrahydrothiophenium",287.1469611,1.3582415941795816
396.0217718686507,1.628313333333,1365.985107421875,0.009030772858773222,(Tridecafluorohexyl)benzene,396.0183668,8.5981854851717
509.90514797641634,0.701151666667,1362.0657958984375,0.009004861586433115,"1-Iodo-1H,1H-perfluorooctane",509.8961711,17.604992716716243
360.02293761881447,0.727448333333,1353.46435546875,0.0089479959190428,"(2E)-4,4,5,5,6,6,7,7,8,8,9,9,9-Tridecafluoro-2-nonene",360.0183668,12.695910001386071
457.0391602554362,1.7168,1350.6060791015625,0.008929099340669126,"1-(4,4,5,5,6,6,7,7,8,8,9,9,9-Tridecafluorononyl)-1H-pyrrole-2,5-dione",457.0347451,9.660343839455093
202.02714389555157,0.727448333333,1349.228271484375,0.00891999040707512,"Poly(difluoromethylene), .alpha.-[2-[(2-carboxyethyl)thio]ethyl]-.omega.-fluoro-, lithium salt (1:1)|Poly(difluoromethylene), .alpha.-[2-[(2-carboxyethyl)thio]ethyl]-.omega.-fluoro-  (Zonyl 7950)",202.0275349,1.9354055147836038
319.08107039628635,1.015773333333,1346.5902099609375,0.00890254970858127,2-Amino-3-(perfluoropropyl)-1-phenyl-3-propanol,319.0807114,1.125094277513391
460.01307561108786,1.597315,1342.3203125,0.008874320649647563,"1-Undecene, 4,4,5,5,6,6,7,7,8,8,9,9,10,10,11,11,11-heptadecafluoro-",460.0119796,2.382565074661577
460.01311659657,1.725105,1341.2442626953125,0.00886720669114387,"1-Undecene, 4,4,5,5,6,6,7,7,8,8,9,9,10,10,11,11,11-heptadecafluoro-",460.0119796,2.4716611960869947
458.0147096607208,1.73344,1339.13427734375,0.008853257199058072,"Dodecane, 1,1,1,2,2,3,3,4,4-nonafluoro-6-iodo-",458.0153023,1.2939306678315903
318.1079405468467,1.015773333333,1334.5101318359375,0.008822686142668016,"1,1,1,2,2,3,3,4,4-Nonafluoroundecane",318.1030043,15.517521625511058
537.9368712559357,0.727448333333,1326.510986328125,0.008769802355170749,"1,1,1,2,2,3,3,4,4,5,5,6,6,8,8-Pentadecafluoro-10-iododecane",537.9274712,17.474273354252013
523.9159846381618,0.727448333333,1321.447021484375,0.008736323574164833,"1-Iodo-1H,1H,2H,2H-perfluorononane",523.9118211,7.946957687708212
520.9581003826396,0.727448333333,1316.9981689453125,0.008706911411071577,"perfluoropropanesulfonamido sulfonic acid, n=6",520.9636304,10.615090458128373
459.97926092857745,1.621105,1313.65576171875,0.00868481415664281,"Methyl difluoro[1,1,2,2-tetrafluoro-2-(nonafluorobutoxy)ethoxy]acetate",459.9791816,0.17246120462461761
489.0092270557503,0.676116666667,1311.494384765625,0.008670524905449803,"1-Hexanesulfonamide, 1,1,2,2,3,3,4,4,5,5,6,6,6-tridecafluoro-N-(phenylmethyl)-",489.0068158,4.930900311971733
442.9919756901644,1.612825,1310.8612060546875,0.008666338847280925,"1,1,2,2,3,3,4,4,5,5,6,6,6-tridecafluoro-N-(2-hydroxyethyl)hexane-1-sulfonamide",442.9860804,13.307893794732383
294.0515243346626,1.857938333333,1310.203369140625,0.008661989769302889,"7,7,8,8,9,9,9-Heptafluoro-2-methylnon-2-ene-4,6-dione",294.0490769,8.323149040417448
360.00531673743774,0.650281666667,1308.0465087890625,0.008647730378173934,2H-Perfluoro-2-octenoic acid,360.0019678,9.302466608269654
396.0251126155548,1.621105,1305.27783203125,0.008629426158908791,"2-Ethyl-4-(1,1,1,2,3,3,3-heptafluoropropan-2-yl)-3-(methanesulfonyl)benzoic acid",396.026627,3.8239606453582624
287.14522472951796,1.548273333333,1304.3499755859375,0.008623291933317576,"1-Butanesulfonic acid, 1,1,2,2,3,3,4,4,4-nonafluoro-, ion(1-), 1-(4-butoxy-1-naphthalenyl)tetrahydrothiophenium",287.1469611,6.047011520637552
358.9993404488843,0.701151666667,1303.6229248046875,0.00861848527003363,"[S-(1,1,2,2,3,3,4,4,4-Nonafluorobutane-1-)sulfonimidoyl]benzene",359.0026384,9.186510235892394
330.03032267595614,0.676116666667,1303.179443359375,0.008615553334555024,"2-(2,2,3,3,4,4,5,5,5-Nonafluoropentanoyl)cyclopentan-1-one",330.0302333,0.27081134665918055
287.14524645978895,1.564946666667,1298.263427734375,0.008583052672404069,"1-Butanesulfonic acid, 1,1,2,2,3,3,4,4,4-nonafluoro-, ion(1-), 1-(4-butoxy-1-naphthalenyl)tetrahydrothiophenium",287.1469611,5.971334132074877
331.0974217043375,1.310951666667,1290.5986328125,0.00853237933667556,"1-[Bis(2-hydroxyethyl)amino]-4,4,5,5,6,6,6-heptafluorohexan-2-ol",331.1018408,13.346813876609179
581.1680843813735,1.513115,1290.581298828125,0.008532264738591894,"N-Dodecyl-2,2,3,3,4,4,5,5,6,6,7,7,8,8,8-pentadecafluorooctanamide",581.1774875,16.179688594645686
663.9443118393744,0.650281666667,1286.3060302734375,0.008504000170392824,"Perfluoro-2,5,8-trimethyl-3,6,9-trioxadodecanoyl fluoride",663.9413353,4.483116010456011
538.1755924067392,1.431153333333,1282.5699462890625,0.008479300248218804,"1,1,1,2,2,3,3,4,4,5,5,6,6,7,7-Pentadecafluorononadecane",538.1716738,7.281279185524198
581.1682542929257,1.478115,1275.873046875,0.008435025843514205,"N-Dodecyl-2,2,3,3,4,4,5,5,6,6,7,7,8,8,8-pentadecafluorooctanamide",581.1774875,15.887321797282905
363.9771076216697,0.676116666667,1273.0958251953125,0.008416665132235988,Potassium tridecafluoroheptanoate,363.9768959,0.5816895218593061
318.1055133043268,1.030281666667,1267.205322265625,0.008377721959508177,"1,1,1,2,2,3,3,4,4-Nonafluoroundecane",318.1030043,7.887333673409279
518.9687459524287,0.727448333333,1254.77060546875,0.00829551381364655,Sodium 2-((undecafluoropentylsulphonylamino)methyl)benzenesulphonate,518.966824,3.703406888522679
202.0002863573684,2.427438333333,1254.2384033203125,0.00829199532966647,"1H,4H-Octafluorobutane",202.0028757,12.818509707594597
395.0189984096331,1.740645,1238.9422607421875,0.008190869784089205,"N-(1,1,2,2,3,3,4,4,4-Nonafluorobutane-1-sulfonyl)cyclopentanecarboxamide",395.0237677,12.073572122054255
395.99814106774596,1.621105,1236.689453125,0.00817597606835629,(Perfluoroheptyl)ethene,395.9995231,3.489996822428738
503.00078296883873,0.650281666667,1231.57548828125,0.00814216672837101,"tert-Butyl (4,4,5,5,6,6,7,7,7-nonafluoro-2-iodoheptyl)carbamate",503.0003805,0.8001356108304459
461.9965396191469,1.68031,1228.1263427734375,0.008119363807996056,8:2 Fluorotelomer aldehyde,461.9912441,11.462248507886269
287.1452260702339,1.539478333333,1225.412841796875,0.008101424365729628,"1-Butanesulfonic acid, 1,1,2,2,3,3,4,4,4-nonafluoro-, ion(1-), 1-(4-butoxy-1-naphthalenyl)tetrahydrothiophenium",287.1469611,6.042342370982835
379.9341591150122,0.650281666667,1222.049072265625,0.008079185881268172,"3,4,4-Trifluoro-3-(nonafluorobutyl)-1,2lambda~6~-oxathietane-2,2-dione",379.937653,9.196027532582814
457.98526228866774,1.621105,1220.2464599609375,0.008067268487595567,5-Hexenoic acid,457.9799305,11.641834588898085
459.0353298351844,1.621105,1219.2171630859375,0.008060463621106273,"6-[(2,2,3,3,4,4,5,5,6,6,7,7,7-Tridecafluoroheptyl)oxy]-1,3,5-triazine-2,4-diamine",459.0364765,2.4979881526251977
202.00051761070085,2.450105,1218.582763671875,0.008056269492649815,"1H,4H-Octafluorobutane",202.0028757,11.673679488757214
457.0057136660299,1.605606666667,1217.7978515625,0.008051080297734473,6-Methoxyquinolin-4-yl nonafluorobutane-1-sulfonate,457.0030323,5.867248372973768
432.0001894714847,1.628313333333,1216.310546875,0.008041247459344345,"1H,1H,9H-Hexadecafluoro-1-nonanol",432.0006659,1.1028433017161192
329.0092690491047,0.676116666667,1215.862060546875,0.00803828243568665,N-Heptafluorobutyrylproline,329.0053536,11.90072582470015
241.07478373033732,2.019138333333,1215.2607421875,0.00803430701202367,"5,5,6,6,7,7,7-Heptafluoroheptan-3-amine",241.0701467,19.23482110220861
459.03533409614704,1.612825,1203.137451171875,0.007954157757930007,"6-[(2,2,3,3,4,4,5,5,6,6,7,7,7-Tridecafluoroheptyl)oxy]-1,3,5-triazine-2,4-diamine",459.0364765,2.4887057010590166
431.98757975926213,1.693478333333,1198.6536865234375,0.0079245147846119,"1h,1h-perfluoro-3,6-dioxadecan-1-ol",431.984267,7.6686446957344465
359.0284423170113,0.746128333333,1197.9739990234375,0.007920021248486142,"3,3,4,4,5,5,5-Heptafluoro-1-(3-methyl-1,3-benzothiazol-2(3H)-ylidene)pentan-2-one",359.021482,19.386533741969544
459.0353834750109,1.605606666667,1194.873291015625,0.007899521910998648,"6-[(2,2,3,3,4,4,5,5,6,6,7,7,7-Tridecafluoroheptyl)oxy]-1,3,5-triazine-2,4-diamine",459.0364765,2.3811345016594396
241.07441166060238,2.152801666667,1187.08935546875,0.007848060915202118,"5,5,6,6,7,7,7-Heptafluoroheptan-3-amine",241.0701467,17.691469505169138
362.98098717568536,0.676116666667,1185.121826171875,0.00783505322567716,"1-Pentanesulfonamide, 1,1,2,2,3,3,4,4,5,5,5-undecafluoro-N-methyl-",362.9787093,6.275468318848635
399.0157220571254,1.70128,1184.6109619140625,0.007831675810324018,"1H,1H-Perfluorooctylamine",399.0104221,13.28257718279781
202.00113327854365,2.405636666667,1177.92333984375,0.007787462739805045,"1H,4H-Octafluorobutane",202.0028757,8.625800400602243
378.99181799805064,0.676116666667,1176.61376953125,0.007778804935286882,"2,3,3,3-Tetrafluoro-N-(pentafluorophenyl)-2-(trifluoromethyl)propanamide",378.9866521,13.630632127913037
395.99819794656065,1.647948333333,1174.44482421875,0.007764465648310864,(Perfluoroheptyl)ethene,395.9995231,3.346362297092194
287.1473435092677,1.573271666667,1168.137451171875,0.00772276647237374,"1-Butanesulfonic acid, 1,1,2,2,3,3,4,4,4-nonafluoro-, ion(1-), 1-(4-butoxy-1-naphthalenyl)tetrahydrothiophenium",287.1469611,1.331752761685578
459.9792651982157,1.612825,1161.4105224609375,0.00767829353859462,"Methyl difluoro[1,1,2,2-tetrafluoro-2-(nonafluorobutoxy)ethoxy]acetate",459.9791816,0.1817434437791427
434.99272144403784,1.749271666667,1160.38525390625,0.007671515304054347,"Glycine, N-ethyl-N-[(undecafluoropentyl)sulfonyl]-",434.9998387,16.36178172942815
202.00044654275575,2.374626666667,1156.1358642578125,0.00764342182595202,"1H,4H-Octafluorobutane",202.0028757,12.02550432845992
362.1098389182972,1.16447,1150.3333740234375,0.007605060520958886,"(3,3,4,4,5,5,6,6,6-Nonafluorohexyl)di(propan-2-yl)silane",362.1112309,3.844086940453148
436.97407101113856,1.693478333333,1150.0506591796875,0.007603191442354853,2-{Methyl[(nonafluorobutyl)sulfonyl]amino}ethyl phosphate,436.974448,0.8627259291622419
461.9975884919145,1.667636666667,1143.9500732421875,0.007562859373134149,8:2 Fluorotelomer aldehyde,461.9912441,13.732521711157126
202.02755680537973,0.772166666667,1137.8619384765625,0.007522609620846785,"Poly(difluoromethylene), .alpha.-[2-[(2-carboxyethyl)thio]ethyl]-.omega.-fluoro-, lithium salt (1:1)|Poly(difluoromethylene), .alpha.-[2-[(2-carboxyethyl)thio]ethyl]-.omega.-fluoro-  (Zonyl 7950)",202.0275349,0.10842768220150387
444.9770728277853,0.650281666667,1137.4671630859375,0.0075199996898427076,Heptadecafluorononanenitrile,444.9759284,2.5718803399500465
435.98158663506507,1.667636666667,1133.2496337890625,0.007492116846246275,"1,1,2,2,3,3,4,4,5,5,6,6,7,7,8,8,8-heptadecafluoro-1-octanol",435.9755941,13.744926961934706
504.98550739178995,0.727448333333,1125.4844970703125,0.007440780132878512,"Thiocyanic acid, 3,3,4,4,5,5,6,6,7,7,8,8,9,9,10,10,10-heptadecafluorodecyl ester",504.9792993,12.293603873973256
395.01900245941863,1.75647,1124.760986328125,0.007435996873428554,"N-(1,1,2,2,3,3,4,4,4-Nonafluorobutane-1-sulfonyl)cyclopentanecarboxamide",395.0237677,12.063319869953308
474.0088143348524,0.650281666667,1122.7357177734375,0.007422607459300959,"9,9,10,10,11,11,12,12,12-Nonafluoro-7-iodododecan-1-ol",474.0102169,2.9589431782371656
318.1055133043486,1.045796666667,1119.3780517578125,0.007400409326277414,"1,1,1,2,2,3,3,4,4-Nonafluoroundecane",318.1030043,7.887333742027081
661.9814825362379,0.650281666667,1118.625244140625,0.007395432379925484,12:2 Fluorotelomer aldehyde,661.9784697,4.551239449068615
331.0999991536237,1.297003333333,1118.3956298828125,0.007393914358831276,"1-[Bis(2-hydroxyethyl)amino]-4,4,5,5,6,6,6-heptafluorohexan-2-ol",331.1018408,5.562205922723455
466.1434743079075,2.552605,1117.324462890625,0.007386832681477913,"17-Oxoestra-1,3,5(10)-trien-3-yl heptafluorobutanoate",466.1378919,11.975728965879826
375.98278636468916,0.650281666667,1115.818359375,0.007376875560659019,Phenyl nonafluorobutane-1-sulfonate,375.9815686,3.238884154599298
394.97864948539933,1.628313333333,1114.7265625,0.007369657495445517,Perfluorooctanenitrile,394.979122,1.196304157967183
331.0999991537401,1.332273333333,1113.839111328125,0.007363790396373272,"1-[Bis(2-hydroxyethyl)amino]-4,4,5,5,6,6,6-heptafluorohexan-2-ol",331.1018408,5.562205571119801
395.99814474396874,1.612825,1113.0517578125,0.007358585060882766,(Perfluoroheptyl)ethene,395.9995231,3.4807133556906127
442.9920352061721,1.647948333333,1109.5360107421875,0.007335341825617329,"1,1,2,2,3,3,4,4,5,5,6,6,6-tridecafluoro-N-(2-hydroxyethyl)hexane-1-sulfonamide",442.9860804,13.442242069493313
362.0951531108047,1.243981666667,1103.4371337890625,0.007295021054799241,"Pentyl 4,4,5,5,6,6,7,7,7-nonafluoroheptanoate",362.0928335,6.406080790578075
287.1473679189052,1.353465,1100.4991455078125,0.0072755974866464505,"1-Butanesulfonic acid, 1,1,2,2,3,3,4,4,4-nonafluoro-, ion(1-), 1-(4-butoxy-1-naphthalenyl)tetrahydrothiophenium",287.1469611,1.4167600008577799
457.9852767271122,1.70128,1095.921875,0.007245336329299549,5-Hexenoic acid,457.9799305,11.673360223227814
466.14347430822767,2.481105,1092.81396484375,0.0072247893771153196,"17-Oxoestra-1,3,5(10)-trien-3-yl heptafluorobutanoate",466.1378919,11.975729652660439
202.00051530311634,2.398455,1086.60595703125,0.0071837471225873846,"1H,4H-Octafluorobutane",202.0028757,11.68510327866088
319.0844300711699,1.038606666667,1080.6153564453125,0.007144142186277836,2-Amino-3-(perfluoropropyl)-1-phenyl-3-propanol,319.0807114,11.654191867265355
287.1452043688421,1.486438333333,1080.6055908203125,0.0071440776239771785,"1-Butanesulfonic acid, 1,1,2,2,3,3,4,4,4-nonafluoro-, ion(1-), 1-(4-butoxy-1-naphthalenyl)tetrahydrothiophenium",287.1469611,6.117919196222659
488.02527795700667,0.650281666667,1076.6136474609375,0.007117686169525933,"2-{[(2,2,3,3,4,4,5,5,6,6,7,7,8,8,9,9-Hexadecafluorononyl)oxy]methyl}oxirane",488.0268807,3.284139297121832
434.99272144258265,1.75647,1071.5130615234375,0.007083965279892552,"Glycine, N-ethyl-N-[(undecafluoropentyl)sulfonyl]-",434.9998387,16.36178507480673
501.037452393731,0.650281666667,1069.7130126953125,0.007072064833823869,"2,2,3,3,4,4,5,5,6,6,7,7,8,8,8-Pentadecafluoro-N-[2-(2-hydroxyethoxy)ethyl]octanamide",501.0421162,9.30829870452742
581.1682539254217,1.539478333333,1069.6312255859375,0.007071524124555863,"N-Dodecyl-2,2,3,3,4,4,5,5,6,6,7,7,8,8,8-pentadecafluorooctanamide",581.1774875,15.887954161136406
460.9895999151253,0.650281666667,1069.4267578125,0.007070172351385848,"2-[(1,1,2,2,3,3,4,4,4-Nonafluorobutane-1-sulfonyl)oxy]-3a,4,7,7a-tetrahydro-1H-4,7-methanoisoindole-1,3(2H)-dione",460.9979469,18.10666634605188
434.99266729245574,1.59011,1067.5771484375,0.0070579442516413285,"Glycine, N-ethyl-N-[(undecafluoropentyl)sulfonyl]-",434.9998387,16.48627226040414
287.1473637981553,1.375938333333,1067.3536376953125,0.007056466581985031,"1-Butanesulfonic acid, 1,1,2,2,3,3,4,4,4-nonafluoro-, ion(1-), 1-(4-butoxy-1-naphthalenyl)tetrahydrothiophenium",287.1469611,1.4024093760983756
316.01385662265585,0.676116666667,1062.662353515625,0.007025451659777956,"1,1,1,2,2,3,3,4,4,7,7,7-Dodecafluoroheptane",316.0121385,5.436858605572794
318.10794054716683,1.022988333333,1061.1673583984375,0.007015567978576059,"1,1,1,2,2,3,3,4,4-Nonafluoroundecane",318.1030043,15.517522631890108
396.025116292028,1.612825,1055.6669921875,0.006979204069759514,"2-Ethyl-4-(1,1,1,2,3,3,3-heptafluoropropan-2-yl)-3-(methanesulfonyl)benzoic acid",396.026627,3.8146771755029767
432.9737398345262,1.827781666667,1051.26025390625,0.006950070331587844,"2,2,3,3,4,4,4-Heptafluoro-N-(nonafluorobutyl)butanimidoyl fluoride",432.9759284,5.054730281354757
617.9837792465607,0.650281666667,1048.218505859375,0.006929960788990568,[[4-[(Heptadecafluorononenyl)oxy]phenyl]methyl]phosphonic acid,617.9888746,8.245124889037807
460.0131168123515,1.740645,1044.617431640625,0.006906153440623137,"1-Undecene, 4,4,5,5,6,6,7,7,8,8,9,9,10,10,11,11,11-heptadecafluoro-",460.0119796,2.472130271733152
674.9940369033808,0.650281666667,1040.721435546875,0.006880396310775851,N-[[4-[(Heptadecafluorononenyl)oxy]phenyl]sulfonyl]-N-methylglycine sodium salt,675.0008226,10.052972690446492
365.94574766737367,0.650281666667,1034.542724609375,0.0068395477431498885,"ether-substituted Perfluoroalkyl (linear) sulfonic acids, n=4",365.9419894,10.270012420177707
202.00010923995455,2.441821666667,1034.152587890625,0.006836968479238623,"1H,4H-Octafluorobutane",202.0028757,13.695339353325519
460.01312152938976,1.73344,1030.995361328125,0.006816095487436073,"1-Undecene, 4,4,5,5,6,6,7,7,8,8,9,9,10,10,11,11,11-heptadecafluoro-",460.0119796,2.482384384927058
329.0297441945667,0.727448333333,1029.6392822265625,0.006807130204961029,2-Fluoro-4-(nonafluorobutyl)aniline,329.0262312,10.676829766053734
318.1079405469631,0.938781666667,1027.382568359375,0.0067922106643078526,"1,1,1,2,2,3,3,4,4-Nonafluoroundecane",318.1030043,15.517521991467076
362.09510228352593,1.205773333333,1027.05908203125,0.006790072038098575,"Pentyl 4,4,5,5,6,6,7,7,7-nonafluoroheptanoate",362.0928335,6.265711719493117
317.0684764068966,1.08663,1026.2269287109375,0.006784570523053803,"N-(2,4-Dimethylphenyl)-2,2,3,3,4,4,4-heptafluorobutanamide",317.0650614,10.770565826355703
287.1473629169388,1.367615,1020.1296997070312,0.006744260647123951,"1-Butanesulfonic acid, 1,1,2,2,3,3,4,4,4-nonafluoro-, ion(1-), 1-(4-butoxy-1-naphthalenyl)tetrahydrothiophenium",287.1469611,1.3993405152974363
362.0921520964781,1.212973333333,1019.0498657226562,0.006737121670728754,"Pentyl 4,4,5,5,6,6,7,7,7-nonafluoroheptanoate",362.0928335,1.881851119725964
442.9919715777329,1.621105,1013.9779052734375,0.006703590029339176,"1,1,2,2,3,3,4,4,5,5,6,6,6-tridecafluoro-N-(2-hydroxyethyl)hexane-1-sulfonamide",442.9860804,13.298610608955645
459.98267472206527,0.676116666667,1013.8479614257812,0.006702730947226052,"Methyl difluoro[1,1,2,2-tetrafluoro-2-(nonafluorobutoxy)ethoxy]acetate",459.9791816,7.59402963899856
319.07863200733397,1.030281666667,1010.5908203125,0.0066811974023849,2-Amino-3-(perfluoropropyl)-1-phenyl-3-propanol,319.0807114,6.516865930311438
202.00034152740432,2.465606666667,1009.0394897460938,0.006670941277411087,"1H,4H-Octafluorobutane",202.0028757,12.545387678683603
381.1948847796697,1.68031,1008.8665161132812,0.006669797717660692,"N-Dodecyl-2,2,3,3,4,4,4-heptafluorobutanamide",381.1902619,12.127339201716609
202.00176699650387,2.434628333333,1007.2324829101562,0.006658994830703186,"1H,4H-Octafluorobutane",202.0028757,5.488583157534589
241.07331889756682,2.1755,1007.0506591796875,0.00665779276136782,"5,5,6,6,7,7,7-Heptafluoroheptan-3-amine",241.0701467,13.15864228077374
457.0391364524965,1.59011,1004.646484375,0.006641898329974716,"1-(4,4,5,5,6,6,7,7,8,8,9,9,9-Tridecafluorononyl)-1H-pyrrole-2,5-dione",457.0347451,9.60826359550552
534.995659151598,0.650281666667,1004.1968994140625,0.006638926043058199,"Glycine, N-ethyl-N-[(pentadecafluoroheptyl)sulfonyl]-",534.9934515,4.1264850663321475
435.9818141460979,1.68031,1004.1090698242188,0.006638345385866662,"1,1,2,2,3,3,4,4,5,5,6,6,7,7,8,8,8-heptadecafluoro-1-octanol",435.9755941,14.266755850990473
631.0495820810036,4.61544,1001.1830444335938,0.006619000906532176,Perfluorooctanesulfonamido amine oxide,631.0433561,9.866072619919738
457.9853158063126,1.605606666667,1001.0508422851562,0.006618126894387026,5-Hexenoic acid,457.9799305,11.758687727999627
442.99200608155644,1.628313333333,1000.7835083007812,0.006616359501406529,"1,1,2,2,3,3,4,4,5,5,6,6,6-tridecafluoro-N-(2-hydroxyethyl)hexane-1-sulfonamide",442.9860804,13.376497713498663
402.95586545051606,3.365318333333,798.29775390625,0.0052776898152299264,"4-Chlorophenyl (2,2,3,3,4,4,4-heptafluorobutanoyl)sulfamate",402.9516035,10.576717902633055
402.9593259819572,3.358106666667,742.652099609375,0.004909806401419255,"4-Chlorophenyl (2,2,3,3,4,4,4-heptafluorobutanoyl)sulfamate",402.9516035,19.164420474443535
402.95932598169526,3.381945,686.771875,0.004540372201146792,"4-Chlorophenyl (2,2,3,3,4,4,4-heptafluorobutanoyl)sulfamate",402.9516035,19.16441982442891
402.95932598157884,3.373606666667,676.01650390625,0.0044692665113177195,"4-Chlorophenyl (2,2,3,3,4,4,4-heptafluorobutanoyl)sulfamate",402.9516035,19.164419535533522
402.95932598251017,3.342271666667,658.2360351562501,0.004351716639264705,"4-Chlorophenyl (2,2,3,3,4,4,4-heptafluorobutanoyl)sulfamate",402.9516035,19.164421846696627
402.9593259818117,3.333938333333,657.7679199218751,0.0043486218453826905,"4-Chlorophenyl (2,2,3,3,4,4,4-heptafluorobutanoyl)sulfamate",402.9516035,19.1644201133243
402.95932598239375,3.34979,646.8296875000001,0.0042763072264738085,"4-Chlorophenyl (2,2,3,3,4,4,4-heptafluorobutanoyl)sulfamate",402.9516035,19.164421557801237
402.9558654508071,3.318475,542.0576171875,0.003583640253902352,"4-Chlorophenyl (2,2,3,3,4,4,4-heptafluorobutanoyl)sulfamate",402.9516035,10.576718624883929
402.95932598239375,3.325655,540.4120605468751,0.0035727611834300704,"4-Chlorophenyl (2,2,3,3,4,4,4-heptafluorobutanoyl)sulfamate",402.9516035,19.164421557801237
402.95932598219,3.397438333333,527.979248046875,0.0034905656272170692,"4-Chlorophenyl (2,2,3,3,4,4,4-heptafluorobutanoyl)sulfamate",402.9516035,19.16442105223431
402.95932598251017,3.389135,512.85283203125,0.0033905621744252305,"4-Chlorophenyl (2,2,3,3,4,4,4-heptafluorobutanoyl)sulfamate",402.9516035,19.164421846696627
402.95932598230644,3.404638333333,506.8212890625,0.003350686560670175,"4-Chlorophenyl (2,2,3,3,4,4,4-heptafluorobutanoyl)sulfamate",402.9516035,19.1644213411297
460.9557266777747,0.650281666667,447.62119140625003,0.002959304083477712,"1,1,2,2,3,3,4,4,4-Nonafluoro-N-methyl-N-(trimethylstannyl)butane-1-sulfinamide",460.9517832,8.555003325570635
360.98929193047115,0.746128333333,407.26425781250003,0.0026924971478958066,"2-Chloro-6-(difluoromethoxy)-4-(1,1,1,2,3,3,3-heptafluoropropan-2-yl)aniline",360.9915953,6.38071427686934
402.95932598253927,3.311295,395.25004882812505,0.002613069054700487,"4-Chlorophenyl (2,2,3,3,4,4,4-heptafluorobutanoyl)sulfamate",402.9516035,19.164421918920475
402.95932598163705,3.411821666667,387.818994140625,0.002563941017638214,"4-Chlorophenyl (2,2,3,3,4,4,4-heptafluorobutanoyl)sulfamate",402.9516035,19.16441967998122
402.95932598239375,3.420106666667,375.93320312500003,0.00248536191869654,"4-Chlorophenyl (2,2,3,3,4,4,4-heptafluorobutanoyl)sulfamate",402.9516035,19.164421557801237
402.95932598175347,3.30411,353.089013671875,0.0023343348796951257,"4-Chlorophenyl (2,2,3,3,4,4,4-heptafluorobutanoyl)sulfamate",402.9516035,19.164419968876604
460.94306692917826,0.676116666667,339.307373046875,0.0022432219785153192,"1,1,2,2,3,3,4,4,4-Nonafluoro-N-methyl-N-(trimethylstannyl)butane-1-sulfinamide",460.9517832,18.909647301635086
402.959325982743,3.427285,313.26901855468753,0.0020710777408091178,"4-Chlorophenyl (2,2,3,3,4,4,4-heptafluorobutanoyl)sulfamate",402.9516035,19.1644224244874
344.99228445804897,0.746128333333,312.44426269531255,0.0020656251317070938,"Methanesulfonic acid, 1,1,1-trifluoro-, 1,3-dioxo-1H-benz[de]isoquinolin-2(3H)-yl ester",344.9918776,1.179325066937956
469.98613379965457,4.029615,288.79873046875,0.0019093002717194812,1H-Perfluorononane,469.9774858,18.400542127999845
372.0007240175224,3.242135,285.138427734375,0.0018851013529985624,4-(Nonafluorobutoxy)butanesulfonic acid ammonium salt,372.0077833,18.976528866440866
360.98929193035474,0.75915,276.5442138671875,0.0018282834617107339,"2-Chloro-6-(difluoromethoxy)-4-(1,1,1,2,3,3,3-heptafluoropropan-2-yl)aniline",360.9915953,6.38071459936108
402.9558654506616,3.2958,273.1240478515625,0.0018056721299629817,"4-Chlorophenyl (2,2,3,3,4,4,4-heptafluorobutanoyl)sulfamate",402.9516035,10.576718263758494
372.00072401768244,3.21211,264.97849121093753,0.0017518203921731074,4-(Nonafluorobutoxy)butanesulfonic acid ammonium salt,372.0077833,18.97652843613497
372.00072401756603,3.21929,262.997607421875,0.0017387244137020003,4-(Nonafluorobutoxy)butanesulfonic acid ammonium salt,372.0077833,18.976528749084714
372.00072401749327,3.234938333333,258.420458984375,0.0017084640633838579,4-(Nonafluorobutoxy)butanesulfonic acid ammonium salt,372.0077833,18.976528944678304
372.0007240171149,3.203816666667,252.1147216796875,0.0016667757016320937,4-(Nonafluorobutoxy)butanesulfonic acid ammonium salt,372.0077833,18.976529961764967
372.00072401720223,3.257605,250.24919433593752,0.001654442365337503,4-(Nonafluorobutoxy)butanesulfonic acid ammonium salt,372.0077833,18.976529727052657
360.9892919302529,0.772166666667,248.0928955078125,0.0016401866865408366,"2-Chloro-6-(difluoromethoxy)-4-(1,1,1,2,3,3,3-heptafluoropropan-2-yl)aniline",360.9915953,6.380714881541351
422.9972434191142,3.63444,246.63835449218752,0.0016305704546694143,N-Methyl-bis-heptafluorobutyramide,422.9940231,7.6130971639538885
402.95586545060337,3.454448333333,246.61037597656252,0.0016303854836780308,"4-Chlorophenyl (2,2,3,3,4,4,4-heptafluorobutanoyl)sulfamate",402.9516035,10.576718119308318
402.95932598166615,3.440783333333,245.7548583984375,0.0016247295033289355,"4-Chlorophenyl (2,2,3,3,4,4,4-heptafluorobutanoyl)sulfamate",402.9516035,19.164419752205067
347.97208027830305,0.676116666667,236.39323730468752,0.0015628381450496934,Perfluoro[(2-methoxyethoxy)methoxy]ethene,347.9655823,18.673849631448697
423.0009653036314,3.649958333333,229.795654296875,0.0015192203389427816,N-Methyl-bis-heptafluorobutyramide,422.9940231,16.4117914634727
372.00072401740596,3.18944,228.3533935546875,0.0015096852941644358,4-(Nonafluorobutoxy)butanesulfonic acid ammonium salt,372.0077833,18.97652917939061
423.00096530331126,3.642776666667,223.59379882812502,0.0014782187586642609,N-Methyl-bis-heptafluorobutyramide,422.9940231,16.411790706649647
341.1268415444218,2.066771666667,219.5614013671875,0.001451559854882542,"Ethyl 3-(butylamino)-4,4,5,5,6,6,6-heptafluorohexanoate",341.1225762,12.503690423311616
145.04888089295355,0.503105,218.99672851562502,0.0014478267012527773,"N,N-dimethyl-2H-perfluoroethanamine",145.051462,17.794739473677225
423.0009653041553,3.626153333333,216.54704589843752,0.00143163140953861,N-Methyl-bis-heptafluorobutyramide,422.9940231,16.411792701910414
469.98613379942174,4.053438333333,212.35244140625002,0.0014039001259429714,1H-Perfluorononane,469.9774858,18.400541632609997
269.9868625400253,2.374626666667,211.80202636718752,0.0014002612332721662,"1,1,1,2,2,3,3,4,4,5,5-Undecafluoropentane",269.9902602,12.584538161443728
469.9861338000038,4.002481666667,210.85649414062502,0.0013940101499167613,1H-Perfluorononane,469.9774858,18.400542871084618
372.0007240171731,3.265938333333,207.7538818359375,0.0013734982227806374,4-(Nonafluorobutoxy)butanesulfonic acid ammonium salt,372.0077833,18.976529805290095
372.00072401774065,3.196626666667,202.89576416015626,0.0013413803343697048,4-(Nonafluorobutoxy)butanesulfonic acid ammonium salt,372.0077833,18.976528279660098
469.9861337992762,4.016123333333,202.03966064453127,0.00133572048028257,1H-Perfluorononane,469.9774858,18.40054132299134
145.04888089295355,0.487625,200.89102783203126,0.001328126662479242,"N,N-dimethyl-2H-perfluoroethanamine",145.051462,17.794739473677225
469.9861338007023,4.036813333333,198.00661621093752,0.001309057299248433,1H-Perfluorononane,469.9774858,18.400544357254162
423.00096530406796,3.618951666667,197.54637451171877,0.0013060145587213236,N-Methyl-bis-heptafluorobutyramide,422.9940231,16.41179249550413
341.12684154466916,2.09894,195.31973876953126,0.001291293869954172,"Ethyl 3-(butylamino)-4,4,5,5,6,6,6-heptafluorohexanoate",341.1225762,12.503691148494848
145.04888089296537,0.35011,194.87537841796876,0.001288356123868507,"N,N-dimethyl-2H-perfluoroethanamine",145.051462,17.79473939216235
341.1268415446546,2.02744,193.296630859375,0.0012779187402355977,"Ethyl 3-(butylamino)-4,4,5,5,6,6,6-heptafluorohexanoate",341.1225762,12.50369110583701
423.00096530400975,3.611773333333,190.04693603515625,0.001256434424148697,N-Methyl-bis-heptafluorobutyramide,422.9940231,16.411792357899937
423.00096530383513,3.657138333333,188.47303466796876,0.0012460290795574891,N-Methyl-bis-heptafluorobutyramide,422.9940231,16.411791945087366
423.0009653044754,3.665438333333,187.90791015625,0.0012422929399213188,N-Methyl-bis-heptafluorobutyramide,422.9940231,16.411793458733467
145.04888089294263,0.32483,186.763671875,0.0012347281751532864,"N,N-dimethyl-2H-perfluoroethanamine",145.051462,17.794739548921726
402.95932598160795,3.46994,183.48402099609376,0.001213045814209119,"4-Chlorophenyl (2,2,3,3,4,4,4-heptafluorobutanoyl)sulfamate",402.9516035,19.164419607757374
145.04888089295173,0.456638333333,180.86129150390627,0.0011957064785273021,"N,N-dimethyl-2H-perfluoroethanamine",145.051462,17.794739486217974
341.12684154469827,2.044106666667,180.47315673828126,0.001193140449887672,"Ethyl 3-(butylamino)-4,4,5,5,6,6,6-heptafluorohexanoate",341.1225762,12.503691233810521
286.9704388001936,0.650281666667,179.40812988281252,0.0011860993660808474,Sodium perfluorovalerate,286.9730527,9.108603022985614
372.00072401740596,3.181135,179.16461181640625,0.0011844894244110783,4-(Nonafluorobutoxy)butanesulfonic acid ammonium salt,372.0077833,18.97652917939061
145.0488808929399,0.41812,176.1114013671875,0.0011643041018134053,"N,N-dimethyl-2H-perfluoroethanamine",145.051462,17.79473956773285
145.0488808929572,0.388271666667,175.62728271484377,0.0011611035064611887,"N,N-dimethyl-2H-perfluoroethanamine",145.051462,17.794739448595724
145.0488808929381,0.173271666667,175.06024169921875,0.0011573546964735143,"N,N-dimethyl-2H-perfluoroethanamine",145.051462,17.7947395802736
469.986133799771,3.995271666667,170.89326171875,0.0011298060434858602,1H-Perfluorononane,469.9774858,18.40054237569477
341.12684154469827,2.137318333333,170.67406005859377,0.0011283568619447281,"Ethyl 3-(butylamino)-4,4,5,5,6,6,6-heptafluorohexanoate",341.1225762,12.503691233810521
423.0009653034568,3.672621666667,169.76942138671876,0.001122376133223326,N-Methyl-bis-heptafluorobutyramide,422.9940231,16.41179105066012
145.0488808929481,0.440823333333,169.14671630859377,0.0011182593181219044,"N,N-dimethyl-2H-perfluoroethanamine",145.051462,17.794739511299476
469.98613380020754,4.045105,167.591650390625,0.0011079784980680895,1H-Perfluorononane,469.9774858,18.400543304550734
145.04888089296173,0.18763,166.4534912109375,0.0011004539233322164,"N,N-dimethyl-2H-perfluoroethanamine",145.051462,17.79473941724385
341.1268415448729,2.035771666667,162.5666015625,0.0010747569978302935,"Ethyl 3-(butylamino)-4,4,5,5,6,6,6-heptafluorohexanoate",341.1225762,12.503691745704568
423.00096530398065,3.680938333333,162.4359130859375,0.0010738929928417454,N-Methyl-bis-heptafluorobutyramide,422.9940231,16.411792289097843
372.00072401746417,3.280323333333,162.223095703125,0.001072486018904668,4-(Nonafluorobutoxy)butanesulfonic acid ammonium salt,372.0077833,18.976529022915738
402.95932598152064,3.47713,160.60400390625,0.0010617819122671678,"4-Chlorophenyl (2,2,3,3,4,4,4-heptafluorobutanoyl)sulfamate",402.9516035,19.16441939108583
145.04888089294263,0.464948333333,160.527587890625,0.0010612767122645233,"N,N-dimethyl-2H-perfluoroethanamine",145.051462,17.794739548921726
372.00072401771155,3.273115,159.2533935546875,0.001052852784680492,4-(Nonafluorobutoxy)butanesulfonic acid ammonium salt,372.0077833,18.976528357897532
145.04888089295264,0.333106666667,158.86013183593752,0.001050252860833017,"N,N-dimethyl-2H-perfluoroethanamine",145.051462,17.794739479947598
402.95932598219,3.288605,158.12484130859377,0.001045391723107891,"4-Chlorophenyl (2,2,3,3,4,4,4-heptafluorobutanoyl)sulfamate",402.9516035,19.16442105223431
145.04888089296537,0.16496,157.90200195312502,0.001043918492109764,"N,N-dimethyl-2H-perfluoroethanamine",145.051462,17.79473939216235
347.9721325953592,0.701151666667,156.9103515625,0.001037362513289504,Perfluoro[(2-methoxyethoxy)methoxy]ethene,347.9655823,18.824195231810474
145.04888089294445,0.133973333333,156.80108642578125,0.001036640141848023,"N,N-dimethyl-2H-perfluoroethanamine",145.051462,17.794739536380977
344.9895431029174,0.75915,155.5069091796875,0.0010280841036562716,"Methanesulfonic acid, 1,1,1-trifluoro-, 1,3-dioxo-1H-benz[de]isoquinolin-2(3H)-yl ester",344.9918776,6.766863312983408
269.98644848867696,2.275606666667,153.1308349609375,0.0010123754502833098,"1,1,1,2,2,3,3,4,4,5,5-Undecafluoropentane",269.9902602,14.118157946089514
145.04888089295264,0.119611666667,152.79161376953127,0.0010101327980670978,"N,N-dimethyl-2H-perfluoroethanamine",145.051462,17.794739479947598
341.1268415447856,2.090605,152.61988525390626,0.0010089974700100367,"Ethyl 3-(butylamino)-4,4,5,5,6,6,6-heptafluorohexanoate",341.1225762,12.503691489757545
145.04888089294354,0.195938333333,152.45557861328126,0.0010079112093014752,"N,N-dimethyl-2H-perfluoroethanamine",145.051462,17.79473954265135
145.04888089294082,0.234106666667,151.59195556640626,0.0010022016422428345,"N,N-dimethyl-2H-perfluoroethanamine",145.051462,17.794739561462475
145.04888089294718,0.210331666667,150.3970703125,0.0009943020412430175,"N,N-dimethyl-2H-perfluoroethanamine",145.051462,17.79473951756985
341.12684154503296,2.073956666667,149.50218505859377,0.0009883857941193972,"Ethyl 3-(butylamino)-4,4,5,5,6,6,6-heptafluorohexanoate",341.1225762,12.503692214940777
469.9861337992471,4.060653333333,149.44803466796876,0.0009880277961622516,1H-Perfluorononane,469.9774858,18.40054126106761
423.00096530392244,3.603151666667,148.69078369140627,0.000983021473963522,N-Methyl-bis-heptafluorobutyramide,422.9940231,16.41179215149365
145.04888089295991,0.09581,145.82561035156252,0.0009640792984650082,"N,N-dimethyl-2H-perfluoroethanamine",145.051462,17.7947394297846
503.0009041557351,0.746128333333,145.20400390625,0.0009599697466224102,"tert-Butyl (4,4,5,5,6,6,7,7,7-nonafluoro-2-iodoheptyl)carbamate",503.0003805,1.041063208371337
145.0541125043993,0.364478333333,145.15994873046876,0.0009596784899435695,"N,N-dimethyl-2H-perfluoroethanamine",145.051462,18.272521568434712
402.9593259822191,3.280323333333,144.9756591796875,0.0009584601186272879,"4-Chlorophenyl (2,2,3,3,4,4,4-heptafluorobutanoyl)sulfamate",402.9516035,19.16442112445816
341.1268415448147,2.122938333333,144.7529052734375,0.0009569874525492915,"Ethyl 3-(butylamino)-4,4,5,5,6,6,6-heptafluorohexanoate",341.1225762,12.50369157507322
341.1268415450184,2.058485,144.21846923828124,0.0009534541999429373,"Ethyl 3-(butylamino)-4,4,5,5,6,6,6-heptafluorohexanoate",341.1225762,12.50369217228294
341.1268415448147,2.106136666667,143.19913330078126,0.0009467151870003137,"Ethyl 3-(butylamino)-4,4,5,5,6,6,6-heptafluorohexanoate",341.1225762,12.50369157507322
145.048880892949,0.126793333333,143.12685546875,0.0009462373452725727,"N,N-dimethyl-2H-perfluoroethanamine",145.051462,17.794739505029103
145.04888089296355,0.111273333333,142.71306152343752,0.0009435016791879654,"N,N-dimethyl-2H-perfluoroethanamine",145.051462,17.794739404703098
351.92377405783975,0.701151666667,142.17430419921877,0.0009399398577635702,"(2Z)-4,4,5,5,6,6,6-Heptafluoro-2-iodohex-2-en-1-ol",351.9195101,12.11614035210042
286.97050793945147,0.624606666667,140.293115234375,0.0009275029796792999,Sodium perfluorovalerate,286.9730527,8.867672733303515
145.05411250437658,0.48044,139.231201171875,0.0009204824751058099,"N,N-dimethyl-2H-perfluoroethanamine",145.051462,18.272521411686643
247.98499960939827,2.320958333333,138.59544677734377,0.0009162793886301348,"double bond-perfluoroalkyl alcohols, n=2",247.9883685,13.585057995608473
341.1268415449893,2.051293333333,136.24241943359377,0.0009007231022867245,"Ethyl 3-(butylamino)-4,4,5,5,6,6,6-heptafluorohexanoate",341.1225762,12.503692086967266
145.0488808929381,0.426446666667,135.23707275390626,0.0008940765748397926,"N,N-dimethyl-2H-perfluoroethanamine",145.051462,17.7947395802736
145.05411250439295,0.511438333333,132.74862060546874,0.0008776249707920152,"N,N-dimethyl-2H-perfluoroethanamine",145.051462,18.272521524545255
145.05411250439386,0.14944,131.24626464843752,0.0008676926257559989,"N,N-dimethyl-2H-perfluoroethanamine",145.051462,18.272521530815176
402.95932598242285,3.461653333333,130.87724609375002,0.0008652529778199058,"4-Chlorophenyl (2,2,3,3,4,4,4-heptafluorobutanoyl)sulfamate",402.9516035,19.16442163002509
145.0541125043993,0.279453333333,130.1829345703125,0.0008606627596489134,"N,N-dimethyl-2H-perfluoroethanamine",145.051462,18.272521568434712
341.12684154455275,2.152801666667,129.106103515625,0.000853543636161169,"Ethyl 3-(butylamino)-4,4,5,5,6,6,6-heptafluorohexanoate",341.1225762,12.50369080723215
423.0009653045627,3.688136666667,128.82850341796876,0.0008517083720621055,N-Methyl-bis-heptafluorobutyramide,422.9940231,16.41179366513975
372.000724017697,3.288605,127.91690673828126,0.0008456816427014851,4-(Nonafluorobutoxy)butanesulfonic acid ammonium salt,372.0077833,18.976528397016253
145.04888089294536,0.225785,127.7152587890625,0.0008443485118957847,"N,N-dimethyl-2H-perfluoroethanamine",145.051462,17.7947395301106
469.98613380108065,4.068938333333,126.97749023437501,0.0008394709914868667,1H-Perfluorononane,469.9774858,18.400545162262663
145.0541125043884,0.372771666667,126.56312255859376,0.0008367315323670958,"N,N-dimethyl-2H-perfluoroethanamine",145.051462,18.27252149319564
145.0541125043884,0.379961666667,126.21828613281251,0.0008344517568280057,"N,N-dimethyl-2H-perfluoroethanamine",145.051462,18.27252149319564
556.0085470450042,0.302105,125.48004150390625,0.0008295710890069306,"Dimethyl (3,3,4,4,5,5,6,6,7,7,8,8,9,9,10,10,10-heptadecafluorodecyl)phosphonate",556.0096101,1.911940025876969
145.04888089297083,0.263938333333,124.78460693359375,0.0008249734461713626,"N,N-dimethyl-2H-perfluoroethanamine",145.051462,17.7947393545401
372.0007240175369,3.173938333333,122.80631103515626,0.00081189457670993,4-(Nonafluorobutoxy)butanesulfonic acid ammonium salt,372.0077833,18.97652882732215
145.0541125043975,0.18045,122.531787109375,0.0008100796497355735,"N,N-dimethyl-2H-perfluoroethanamine",145.051462,18.27252155589487
347.977602758257,0.650281666667,122.47227783203125,0.0008096862232159423,Perfluorotetralin,347.9808384,9.298419545845178
423.00096530406796,3.59063,122.18365478515625,0.0008077780844200116,N-Methyl-bis-heptafluorobutyramide,422.9940231,16.41179249550413
556.008547044393,0.20313,122.13790283203126,0.0008074756100414315,"Dimethyl (3,3,4,4,5,5,6,6,7,7,8,8,9,9,10,10,10-heptadecafluorodecyl)phosphonate",556.0096101,1.911941125107568
556.0141559629253,0.020613333333,121.9879150390625,0.000806484013806209,"Dimethyl (3,3,4,4,5,5,6,6,7,7,8,8,9,9,10,10,10-heptadecafluorodecyl)phosphonate",556.0096101,8.17580429658447
269.98686236703213,2.391273333333,120.82445068359375,0.0007987921420087574,"1,1,1,2,2,3,3,4,4,5,5-Undecafluoropentane",269.9902602,12.58517891612252
341.1268415450475,2.130121666667,120.44866943359375,0.000796307784679459,"Ethyl 3-(butylamino)-4,4,5,5,6,6,6-heptafluorohexanoate",341.1225762,12.503692257598615
145.0541125044075,0.173271666667,119.5115234375,0.0007901121441997435,"N,N-dimethyl-2H-perfluoroethanamine",145.051462,18.272521624864016
145.05411250440204,0.534105,119.43353271484375,0.0007895965335261181,"N,N-dimethyl-2H-perfluoroethanamine",145.051462,18.272521587244483
145.05411250439204,0.241293333333,118.8572265625,0.0007857864700556951,"N,N-dimethyl-2H-perfluoroethanamine",145.051462,18.27252151827533
402.9558654507489,3.492606666667,118.50860595703125,0.0007834816766251003,"4-Chlorophenyl (2,2,3,3,4,4,4-heptafluorobutanoyl)sulfamate",402.9516035,10.576718480433755
145.05411250439568,0.341443333333,118.27557373046875,0.0007819410587256621,"N,N-dimethyl-2H-perfluoroethanamine",145.051462,18.272521543355023
145.04888089295082,0.31763,116.54598388671876,0.0007705064296562228,"N,N-dimethyl-2H-perfluoroethanamine",145.051462,17.794739492488347
145.04888089294718,0.05046,115.96527099609375,0.000766667232447628,"N,N-dimethyl-2H-perfluoroethanamine",145.051462,17.79473951756985
145.05411250440568,0.32483,115.55250244140626,0.0007639383454045898,"N,N-dimethyl-2H-perfluoroethanamine",145.051462,18.272521612324173
402.95932598236465,3.48431,115.21287841796875,0.0007616930299934756,"4-Chlorophenyl (2,2,3,3,4,4,4-heptafluorobutanoyl)sulfamate",402.9516035,19.164421485577392
469.9861338006441,4.084463333333,115.14073486328125,0.0007612160759973688,1H-Perfluorononane,469.9774858,18.4005442334067
145.05411250440204,0.472156666667,114.79859619140626,0.0007589541357938354,"N,N-dimethyl-2H-perfluoroethanamine",145.051462,18.272521587244483
145.0541125043875,0.286631666667,112.58991699218751,0.0007443521609570179,"N,N-dimethyl-2H-perfluoroethanamine",145.051462,18.27252148692572
344.9895431029465,0.772166666667,112.18597412109375,0.0007416816220931986,"Methanesulfonic acid, 1,1,1-trifluoro-, 1,3-dioxo-1H-benz[de]isoquinolin-2(3H)-yl ester",344.9918776,6.766863228621352
145.0541125043993,0.51863,112.02125244140626,0.0007405926174868594,"N,N-dimethyl-2H-perfluoroethanamine",145.051462,18.272521568434712
341.126841544902,2.114598333333,110.70635986328125,0.0007318996265148382,"Ethyl 3-(butylamino)-4,4,5,5,6,6,6-heptafluorohexanoate",341.1225762,12.503691831020243
145.05411250440022,0.49482,110.65362548828125,0.000731550990091288,"N,N-dimethyl-2H-perfluoroethanamine",145.051462,18.272521574704637
360.9892919303402,0.786115,110.55255126953125,0.0007308827702794835,"2-Chloro-6-(difluoromethoxy)-4-(1,1,1,2,3,3,3-heptafluoropropan-2-yl)aniline",360.9915953,6.380714639672547
423.0009653045336,3.695328333333,110.5407470703125,0.0007308047305985638,N-Methyl-bis-heptafluorobutyramide,422.9940231,16.41179359633766
145.05411250437203,0.302105,108.95135498046875,0.0007202969740579379,"N,N-dimethyl-2H-perfluoroethanamine",145.051462,18.27252138033703
145.05411250437294,0.057645,108.62869873046876,0.0007181638356442161,"N,N-dimethyl-2H-perfluoroethanamine",145.051462,18.27252138660695
145.05411250440113,0.272273333333,108.1971435546875,0.000715310746875288,"N,N-dimethyl-2H-perfluoroethanamine",145.051462,18.27252158097456
247.98489301661922,2.328145,108.01982421875,0.0007141384569011005,"double bond-perfluoroalkyl alcohols, n=2",247.9883685,14.014899611443228
502.9919886628571,4.211616666667,107.70689697265625,0.0007120696386794086,"tert-Butyl (4,4,5,5,6,6,7,7,7-nonafluoro-2-iodoheptyl)carbamate",503.0003805,16.683838574028798
145.05411250440386,0.449438333333,107.03216552734375,0.0007076088679212344,"N,N-dimethyl-2H-perfluoroethanamine",145.051462,18.272521599784326
145.0541125044075,0.426446666667,106.90778808593751,0.0007067865863194862,"N,N-dimethyl-2H-perfluoroethanamine",145.051462,18.272521624864016
503.95785878717567,4.211616666667,106.67882080078125,0.0007052728424776966,"1,1,1,2,2,3,3,4,4,5,5-Undecafluoro-5-[1,1,2,3,3,3-hexafluoro-2-(trifluoromethyl)propoxy]pentane",503.9629786,10.15920822554479
469.98613380113886,4.077273333333,106.60594482421875,0.0007047910463090404,1H-Perfluorononane,469.9774858,18.400545286110127
145.05411250439113,0.248473333333,106.37752685546876,0.0007032809340966629,"N,N-dimethyl-2H-perfluoroethanamine",145.051462,18.272521512005408
247.9848102109829,2.343625,105.39967041015626,0.0006968161495260818,"double bond-perfluoroalkyl alcohols, n=2",247.9883685,14.348818438088774
145.05411250440568,0.402665,105.19289550781251,0.0006954491235125362,"N,N-dimethyl-2H-perfluoroethanamine",145.051462,18.272521612324173
145.04888089294082,0.07311,105.11781005859376,0.0006949527201233564,"N,N-dimethyl-2H-perfluoroethanamine",145.051462,17.794739561462475
351.9237211470127,0.676116666667,104.90032958984375,0.0006935149176877151,"(2Z)-4,4,5,5,6,6,6-Heptafluoro-2-iodohex-2-en-1-ol",351.9195101,11.965794743712294
145.05411250437385,0.005181666667,104.268310546875,0.0006893365262920414,"N,N-dimethyl-2H-perfluoroethanamine",145.051462,18.272521392876875
145.05411250439022,0.06483,103.935107421875,0.0006871336605936096,"N,N-dimethyl-2H-perfluoroethanamine",145.051462,18.272521505735483
341.1268415449602,2.145605,103.93068847656251,0.0006871044461525621,"Ethyl 3-(butylamino)-4,4,5,5,6,6,6-heptafluorohexanoate",341.1225762,12.503692001651592
145.05411250439477,0.293815,103.79447021484376,0.0006862038827612667,"N,N-dimethyl-2H-perfluoroethanamine",145.051462,18.272521537085098
402.9593259826557,3.273115,103.70051269531251,0.0006855827127260662,"4-Chlorophenyl (2,2,3,3,4,4,4-heptafluorobutanoyl)sulfamate",402.9516035,19.164422207815864
341.12684154497475,2.011956666667,103.32047119140626,0.0006830701900931061,"Ethyl 3-(butylamino)-4,4,5,5,6,6,6-heptafluorohexanoate",341.1225762,12.503692044309428
402.9593259813751,3.265938333333,102.26796875000001,0.0006761119074368746,"4-Chlorophenyl (2,2,3,3,4,4,4-heptafluorobutanoyl)sulfamate",402.9516035,19.164419029966595
247.98545693860817,2.351938333333,101.71143798828126,0.0006724325826252829,"double bond-perfluoroalkyl alcohols, n=2",247.9883685,11.740855402506408
344.9895431025391,0.624606666667,101.33072509765626,0.0006699156213341526,"Methanesulfonic acid, 1,1,1-trifluoro-, 1,3-dioxo-1H-benz[de]isoquinolin-2(3H)-yl ester",344.9918776,6.766864409690145
344.9895431029902,0.786115,101.29158935546876,0.000669656887914268,"Methanesulfonic acid, 1,1,1-trifluoro-, 1,3-dioxo-1H-benz[de]isoquinolin-2(3H)-yl ester",344.9918776,6.766863102078267
145.05411250440386,0.141153333333,101.00072021484375,0.0006677338997891861,"N,N-dimethyl-2H-perfluoroethanamine",145.051462,18.272521599784326
